Course,Year,Paper,Rater,Question,Marks,MATH,PRAC-A,PRAC-C,PRAC-Prop,Notes
IB HL,2014,Nov P1,Roisin,1(a),2,A3,,,,(iii)
IB HL,2014,Nov P1,Roisin,1(b),2,A3,,,,(iii)
IB HL,2014,Nov P1,Roisin,2(a),2,A2,,,,(ii)
IB HL,2014,Nov P1,Roisin,2(b),4,A3,,,,(iii)
IB HL,2014,Nov P1,Roisin,3,5,A3,,,,(iii)
IB HL,2014,Nov P1,Roisin,4(a),4,A3,,,,(iii)
IB HL,2014,Nov P1,Roisin,4(b),3,A3,,,,(iii)
IB HL,2014,Nov P1,Roisin,5,6,B2,,,,(ii)
IB HL,2014,Nov P1,Roisin,6,6,A3,,,,(iii)
IB HL,2014,Nov P1,Roisin,7(a),2,B1,,,,(vi)
IB HL,2014,Nov P1,Roisin,7(b),4,B1,,,,(vi)
IB HL,2014,Nov P1,Roisin,8,7,C1,,,,(i)
IB HL,2014,Nov P1,Roisin,9(a),2,B1,,,,(i)
IB HL,2014,Nov P1,Roisin,9(b),4,A3,,,,(iii)
IB HL,2014,Nov P1,Roisin,10(a),3,B2,,,,(i)
IB HL,2014,Nov P1,Roisin,10(b),4,B2,,,,(i)
IB HL,2014,Nov P1,Roisin,11(a),4,A3,,,,(iii)
IB HL,2014,Nov P1,Roisin,11(b),5,A3,,,,(iii)
IB HL,2014,Nov P1,Roisin,11(c),3,A3,,,,(iii)
IB HL,2014,Nov P1,Roisin,11(d),5,B1,,,,(i)
IB HL,2014,Nov P1,Roisin,11(e),6,B2,,,,(ii)
IB HL,2014,Nov P1,Roisin,12(a),4,A3,,,,(iii)
IB HL,2014,Nov P1,Roisin,12(b),5,A3,,,,(iii)
IB HL,2014,Nov P1,Roisin,12(c),5,B2,,,,(iii)
IB HL,2014,Nov P1,Roisin,13(a),10,B2,,,,(iii)
IB HL,2014,Nov P1,Roisin,13(b),13,B2,,,,(i)
IB HL,2014,Nov P2,Roisin,1,6,A3,,,,(iii)
IB HL,2014,Nov P2,Roisin,2(a),2,B2,,,,(ii)
IB HL,2014,Nov P2,Roisin,2(b),3,B2,,,,(ii)
IB HL,2014,Nov P2,Roisin,3,6,A3,,,,(iii)
IB HL,2014,Nov P2,Roisin,4,5,B2,,,,(ii)
IB HL,2014,Nov P2,Roisin,5(a),4,A3,,,,(iii)
IB HL,2014,Nov P2,Roisin,5(b),4,A3,,,,(iii)
IB HL,2014,Nov P2,Roisin,6,6,B1,,,,(ii)
IB HL,2014,Nov P2,Roisin,7(a),3,B2,,,,(i)
IB HL,2014,Nov P2,Roisin,7(b),6,A3,,,,(iii)
IB HL,2014,Nov P2,Roisin,8(a),2,A3,,,,(iii)
IB HL,2014,Nov P2,Roisin,8(b),5,A3,,,,(iii)
IB HL,2014,Nov P2,Roisin,9(a),3,B2,,,,(i)
IB HL,2014,Nov P2,Roisin,9(b),4,B1,,,,(ii)
IB HL,2014,Nov P2,Roisin,9(c),1,C3,,,,(i)
IB HL,2014,Nov P2,Roisin,10(a),2,A3,,,,(iii)
IB HL,2014,Nov P2,Roisin,10(b),3,A3,,,,(iii)
IB HL,2014,Nov P2,Roisin,10(c),7,A3,,,,(iii)
IB HL,2014,Nov P2,Roisin,11(a),3,A3,,,,(iii)
IB HL,2014,Nov P2,Roisin,11(b),2,B1,,,,(iv)
IB HL,2014,Nov P2,Roisin,11(c),3,C1,,,,(iv)
IB HL,2014,Nov P2,Roisin,11(d),2,A3,,,,(iii)
IB HL,2014,Nov P2,Roisin,12(a),1,A3,,,,(ii)
IB HL,2014,Nov P2,Roisin,12(b),2,A3,,,,(ii)
IB HL,2014,Nov P2,Roisin,12(c),4,A3,,,,(i)
IB HL,2014,Nov P2,Roisin,12(d),4,B1,,,,(iii)
IB HL,2014,Nov P2,Roisin,13(a),3,B2,,,,(iii)
IB HL,2014,Nov P2,Roisin,13(b),10,B2,,,,(iii)
IB HL,2014,Nov P2,Roisin,13(c),3,B1,,,,(ii)
IB HL,2014,Nov P2,Roisin,14(a),6,A3,,,,(iii)
IB HL,2014,Nov P2,Roisin,14(b),5,B2,,,,(iii)
IB HL ,2015,Nov P1,Roisin,1,4,A3,,,,(iii)
IB HL ,2015,Nov P1,Roisin,2,4,A3,,,,(iii)
IB HL ,2015,Nov P1,Roisin,3(a),3,A3,,,,(iii)
IB HL ,2015,Nov P1,Roisin,3(b),3,A2,,,,(ii)
IB HL ,2015,Nov P1,Roisin,4(a),2,A3,,,,(iii)
IB HL ,2015,Nov P1,Roisin,4(b),4,A3,,,,(iii)
IB HL ,2015,Nov P1,Roisin,5,4,A3,,,,(iii)
IB HL ,2015,Nov P1,Roisin,6(a),4,A3,,,,(iii)
IB HL ,2015,Nov P1,Roisin,6(b),3,B1,,,,(iv)
IB HL ,2015,Nov P1,Roisin,7(a),4,A3,,,,(iii)
IB HL ,2015,Nov P1,Roisin,7(b),4,A3,,,,(iii)
IB HL ,2015,Nov P1,Roisin,8(a),1,A3,,,,(iii)
IB HL ,2015,Nov P1,Roisin,8(b),7,C1,,,,(i)
IB HL ,2015,Nov P1,Roisin,9,7,B1,,,,(iv)
IB HL ,2015,Nov P1,Roisin,10(a),4,B2,,,,(i)
IB HL ,2015,Nov P1,Roisin,10(b),2,A3,,,,(iii)
IB HL ,2015,Nov P1,Roisin,11(a),6,A3,,,,(iii)
IB HL ,2015,Nov P1,Roisin,11(b),11,A3,,,,(iii)
IB HL ,2015,Nov P1,Roisin,12(a),2,A2,,,,(iii)
IB HL ,2015,Nov P1,Roisin,12(b),3,A3,,,,(iii)
IB HL ,2015,Nov P1,Roisin,12(c),3,A3,,,,(iii)
IB HL ,2015,Nov P1,Roisin,12(d),3,A3,,,,(iii)
IB HL ,2015,Nov P1,Roisin,12(e),3,B1,,,,(i)
IB HL ,2015,Nov P1,Roisin,12(f),4,A3,,,,(iii)
IB HL ,2015,Nov P1,Roisin,12(g),2,B1,,,,(iv)
IB HL ,2015,Nov P1,Roisin,13(a),2,A3,,,,(iii)
IB HL ,2015,Nov P1,Roisin,13(b),9,A3,,,,(iii)
IB HL ,2015,Nov P1,Roisin,13(c),3,A3,,,,(iii)
IB HL ,2015,Nov P1,Roisin,13(d),9,B2,,,,(i)
IB HL ,2015,Nov P2,Roisin,1(a),2,A3,,,,(iii)
IB HL ,2015,Nov P2,Roisin,1(b),2,A3,,,,(iii)
IB HL ,2015,Nov P2,Roisin,2,4,A3,,,,(iii)
IB HL ,2015,Nov P2,Roisin,3(a),3,A3,,,,(iii)
IB HL ,2015,Nov P2,Roisin,3(b),3,A3,,,,(iii)
IB HL ,2015,Nov P2,Roisin,4(a),4,B1,,,,(i)
IB HL ,2015,Nov P2,Roisin,4(b),2,A3,,,,(iii)
IB HL ,2015,Nov P2,Roisin,5(a),3,B1,,,,(i)
IB HL ,2015,Nov P2,Roisin,5(b),3,A3,,,,(iii)
IB HL ,2015,Nov P2,Roisin,6,6,B2,,,,(ii)
IB HL ,2015,Nov P2,Roisin,7,6,A3,,,,(iii)
IB HL ,2015,Nov P2,Roisin,8(a),2,B1,,,,(iv)
IB HL ,2015,Nov P2,Roisin,8(b),2,A3,,,,(iii)
IB HL ,2015,Nov P2,Roisin,8(c),2,A3,,,,(iii)
IB HL ,2015,Nov P2,Roisin,9(a),2,B2,,,,(i)
IB HL ,2015,Nov P2,Roisin,9(b),4,A3,,,,(iii)
IB HL ,2015,Nov P2,Roisin,9(c),2,A3,,,,(iii)
IB HL ,2015,Nov P2,Roisin,10(a),3,B2,,,,(ii)
IB HL ,2015,Nov P2,Roisin,10(b),5,B2,,,,(ii)
IB HL ,2015,Nov P2,Roisin,11(a),6,A3,,,,(iii)
IB HL ,2015,Nov P2,Roisin,11(b),1,A3,,,,(iii)
IB HL ,2015,Nov P2,Roisin,11(c),2,A3,,,,(iii)
IB HL ,2015,Nov P2,Roisin,11(d),3,A3,,,,(iii)
IB HL ,2015,Nov P2,Roisin,11(e),3,B2,,,,(ii)
IB HL ,2015,Nov P2,Roisin,11(f),3,A3,,,,(iii)
IB HL ,2015,Nov P2,Roisin,12(a),7,A3,,,,(iii)
IB HL ,2015,Nov P2,Roisin,12(b),6,B1,,,,(i)
IB HL ,2015,Nov P2,Roisin,12(c),8,A3,,,,(iii)
IB HL ,2015,Nov P2,Roisin,13(a),4,A3,,,,(iii)
IB HL ,2015,Nov P2,Roisin,13(b),3,B2,,,,(ii)
IB HL ,2015,Nov P2,Roisin,13(c),5,A3,,,,(iii)
IB HL ,2015,Nov P2,Roisin,13(d),9,A3,,,,(iii)
IB HL,2016,Nov P1,Max ,1,5,A3,,,,
IB HL,2016,Nov P1,Max ,2(a),2,A2,,,,
IB HL,2016,Nov P1,Max ,2(b),2,A3,,,,
IB HL,2016,Nov P1,Max ,3(a),2,B1,,,,
IB HL,2016,Nov P1,Max ,3(b),2,B1,,,,
IB HL,2016,Nov P1,Max ,4(a),2,A3,,,,
IB HL,2016,Nov P1,Max ,4(b),3,B1,,,,
IB HL,2016,Nov P1,Max ,5,6,A3,,,,
IB HL,2016,Nov P1,Max ,6(a),1,A2,,,,
IB HL,2016,Nov P1,Max ,6(b),2,A3,,,,
IB HL,2016,Nov P1,Max ,6(c),4,B2,,,,
IB HL,2016,Nov P1,Max ,7,5,A3,,,,
IB HL,2016,Nov P1,Max ,8(a),4,B1,,,,
IB HL,2016,Nov P1,Max ,8(b),2,A3,,,,
IB HL,2016,Nov P1,Max ,9(a),5,A3,,,,
IB HL,2016,Nov P1,Max ,9(b),4,A3,,,,
IB HL,2016,Nov P1,Max ,10(a),3,B2,,,,
IB HL,2016,Nov P1,Max ,10(b),6,A3,,,,
IB HL,2016,Nov P1,Max ,11(a),2,A3,,,,
IB HL,2016,Nov P1,Max ,11(b),2,A3,,,,
IB HL,2016,Nov P1,Max ,11(c) ,2,A2,,,,
IB HL,2016,Nov P1,Max ,11(d),2,A3,,,,
IB HL,2016,Nov P1,Max ,11(e),3,B1,,,,
IB HL,2016,Nov P1,Max ,11(f),6,A3,,,,
IB HL,2016,Nov P1,Max ,11(g),3,A2,,,,
IB HL,2016,Nov P1,Max ,11(h),2,B1,,,,
IB HL,2016,Nov P1,Max ,12(a),4,A3,,,,
IB HL,2016,Nov P1,Max ,12(b),4,A3,,,,
IB HL,2016,Nov P1,Max ,12(c),5,A3,,,,
IB HL,2016,Nov P1,Max ,12(d),6,A3,,,,
IB HL,2016,Nov P1,Max ,13(a),2,A3,,,,
IB HL,2016,Nov P1,Max ,13(b),2,A3,,,,
IB HL,2016,Nov P1,Max ,13(c),9,C1,,,,
IB HL,2016,Nov P1,Max ,13(d),6,B2,,,,
IB HL,2016,Nov P2,Max ,1(a),2,A3,,,,
IB HL,2016,Nov P2,Max ,1(b),3,A3,,,,
IB HL,2016,Nov P2,Max ,2,5,A3,,,,
IB HL,2016,Nov P2,Max ,3(a),3,A3,,,,
IB HL,2016,Nov P2,Max ,3(b),3,A2,,,,
IB HL,2016,Nov P2,Max ,4,5,A3,,,,
IB HL,2016,Nov P2,Max ,5(a),3,B1,,,,
IB HL,2016,Nov P2,Max ,5(b),2,B1,,,,
IB HL,2016,Nov P2,Max ,5(c),4,A3,,,,
IB HL,2016,Nov P2,Max ,6,6,A3,,,,
IB HL,2016,Nov P2,Max ,7(a),5,A3,,,,
IB HL,2016,Nov P2,Max ,7(b),3,A3,,,,
IB HL,2016,Nov P2,Max ,8(a),6,A3,,,,
IB HL,2016,Nov P2,Max ,8(b),2,A3,,,,
IB HL,2016,Nov P2,Max ,9(a),3,B2,,,,
IB HL,2016,Nov P2,Max ,9(b),2,A3,,,,
IB HL,2016,Nov P2,Max ,9(c),3,A3,,,,
IB HL,2016,Nov P2,Max ,10(a),2,A3,,,,
IB HL,2016,Nov P2,Max ,10(b),5,B2,,,,
IB HL,2016,Nov P2,Max ,10(c),3,A3,,,,
IB HL,2016,Nov P2,Max ,10(d),4,C1,,,,
IB HL,2016,Nov P2,Max ,10(e),4,A3,,,,
IB HL,2016,Nov P2,Max ,10(f),4,A3,,,,
IB HL,2016,Nov P2,Max ,11(a),3,A3,,,,
IB HL,2016,Nov P2,Max ,11(b),5,A3,,,,
IB HL,2016,Nov P2,Max ,11(c) ,4,A3,,,,
IB HL,2016,Nov P2,Max ,11(d),5,B1,,,,
IB HL,2016,Nov P2,Max ,11(e),3,B2,,,,
IB HL,2016,Nov P2,Max ,12(a),2,A3,,,,
IB HL,2016,Nov P2,Max ,12(b),6,A3,,,,
IB HL,2016,Nov P2,Max ,12(c),1,A3,,,,
IB HL,2016,Nov P2,Max ,12(d),4,A3,,,,
IB HL,2016,Nov P2,Max ,12(e),5,A3,,,,
IB HL,2017,Nov P1,Max ,1,5,A3,,,,
IB HL,2017,Nov P1,Max ,2(a),3,A3,,,,
IB HL,2017,Nov P1,Max ,2(b),3,B1,,,,
IB HL,2017,Nov P1,Max ,3(a),3,A3,,,,
IB HL,2017,Nov P1,Max ,3(b),3,A3,,,,
IB HL,2017,Nov P1,Max ,4,4,A3,,,,
IB HL,2017,Nov P1,Max ,5,5,B1,,,,
IB HL,2017,Nov P1,Max ,6(a),4,B1,,,,
IB HL,2017,Nov P1,Max ,6(b),5,A3,,,,
IB HL,2017,Nov P1,Max ,7,8,A3,,,,
IB HL,2017,Nov P1,Max ,8,7,A3,,,,
IB HL,2017,Nov P1,Max ,9(a),3,B1,,,,
IB HL,2017,Nov P1,Max ,9(b),4,B1,,,,
IB HL,2017,Nov P1,Max ,9(c),4,A3,,,,
IB HL,2017,Nov P1,Max ,9(d),2,A2,,,,
IB HL,2017,Nov P1,Max ,9(e),5,B2,,,,
IB HL,2017,Nov P1,Max ,10(a),6,B1,,,,
IB HL,2017,Nov P1,Max ,10(b),5,A3,,,,
IB HL,2017,Nov P1,Max ,11(a),2,A2,,,,
IB HL,2017,Nov P1,Max ,11(b),8,C1,,,,
IB HL,2017,Nov P1,Max ,11(c) ,3,A3,,,,
IB HL,2017,Nov P1,Max ,11(d),8,B2,,,,
IB HL,2017,Nov P2,Max ,1,4,B1,,,,
IB HL,2017,Nov P2,Max ,2(a),2,A3,,,,
IB HL,2017,Nov P2,Max ,2(b),2,A3,,,,
IB HL,2017,Nov P2,Max ,2(c),2,A3,,,,
IB HL,2017,Nov P2,Max ,3,4,B1,,,,
IB HL,2017,Nov P2,Max ,4,6,A3,,,,
IB HL,2017,Nov P2,Max ,5,6,B1,,,,
IB HL,2017,Nov P2,Max ,6(a),2,A3,,,,
IB HL,2017,Nov P2,Max ,6(b),4,B1,,,,
IB HL,2017,Nov P2,Max ,7,5,A3,,,,
IB HL,2017,Nov P2,Max ,8,7,A3,,,,
IB HL,2017,Nov P2,Max ,9(a),1,A3,,,,
IB HL,2017,Nov P2,Max ,9(b),2,B1,,,,
IB HL,2017,Nov P2,Max ,9(c),3,B1,,,,
IB HL,2017,Nov P2,Max ,10(a),7,A3,,,,
IB HL,2017,Nov P2,Max ,10(b),3,B1,,,,
IB HL,2017,Nov P2,Max ,10(c),4,A3,,,,
IB HL,2017,Nov P2,Max ,10(d),3,A3,,,,
IB HL,2017,Nov P2,Max ,11(a),8,B1,,,,
IB HL,2017,Nov P2,Max ,11(b),7,A3,,,,
IB HL,2017,Nov P2,Max ,11(c) ,3,A3,,,,
IB HL,2017,Nov P2,Max ,12(a),3,A3,,,,
IB HL,2017,Nov P2,Max ,12(b),3,A3,,,,
IB HL,2017,Nov P2,Max ,12(c),3,B1,,,,
IB HL,2017,Nov P2,Max ,12(d),6,B1,,,,
A-Level,2014,C3,Ying,1(a),3,A3,,,,RUOP
A-Level,2014,C3,Ying,1(b),3,A3,,,,RUOP
A-Level,2014,C3,Ying,2(a),2,A3,,,,RUOP
A-Level,2014,C3,Ying,2(b),4,A3,,,,RUOP
A-Level,2014,C3,Ying,3(a),1,A2,,,,Ability to substitute into a formula 
A-Level,2014,C3,Ying,3(b),7,A3,,,,RUOP
A-Level,2014,C3,Ying,4(a),2,B1,,,,Transformation of information 
A-Level,2014,C3,Ying,4(b),3,B2,,,,Choosing and applying appropriate algorithms 
A-Level,2014,C3,Ying,4(c),2,A2,,,,
A-Level,2014,C3,Ying,5(a),4,A3,,,,RUOP
A-Level,2014,C3,Ying,5(b),2,A2,,,,Deciding whether or not conditions of a simple definition are satisfied
A-Level,2014,C3,Ying,5(c),4,A3,,,,RUOP
A-Level,2014,C3,Ying,6(a),2,A3,,,,RUOP
A-Level,2014,C3,Ying,6(b),4,A3,,,,RUOP
A-Level,2014,C3,Ying,6(c),2,A2,,,,Ability to substitute into a formula 
A-Level,2014,C3,Ying,7(a),5,B2,,,,Choosing and applying appropriate algorithms 
A-Level,2014,C3,Ying,7(b),5,A3,,,,Ability to substitute into a formula 
A-Level,2014,C3,Ying,8(a),2,A2,,,,Ability to substitute into a formula 
A-Level,2014,C3,Ying,8(b),4,A3,,,,RUOP
A-Level,2014,C3,Ying,8(c),4,A3,,,,RUOP
A-Level,2014,C3,Ying,8(d),1,C2,,,,Understanding the implications of a given result 
A-Level,2014,C3,Ying,9(a),3,A3,,,,RUOP
A-Level,2014,C3,Ying,9(b),3,B2,,,,Choosing and applying appropriate algorithms 
A-Level,2014,C3,Ying,9(c),3,B2,,,,Choosing and applying appropriate algorithms 
A-Level,2015,C3,Ying,1(a),2,B2,,,,Choosing and applying appropriate algorithms 
A-Level,2015,C3,Ying,1(b),2,B2,,,,Choosing and applying appropriate algorithms 
A-Level,2015,C3,Ying,1(c),2,B2,,,,Choosing and applying appropriate algorithms 
A-Level,2015,C3,Ying,2(a),6,B1,,,,Transformation of information 
A-Level,2015,C3,Ying,2(b),1,B1,,,,Deciding whether or not conditions of a conceptual definition are satisfied 
A-Level,2015,C3,Ying,2(c),3,A3,,,,RUOP
A-Level,2015,C3,Ying,3(a),3,A3,,,,RUOP
A-Level,2015,C3,Ying,3(b),5,A3,,,,RUOP
A-Level,2015,C3,Ying,3(c),2,B1,,,,Deciding whether or not conditions of a conceptual definition are satisfied 
A-Level,2015,C3,Ying,4(a),1,A2,,,,Ability to substitute into a formula 
A-Level,2015,C3,Ying,4(b),4,A3,,,,RUOP
A-Level,2015,C3,Ying,4(c),2,A3,,,,RUOp
A-Level,2015,C3,Ying,5(a),1,A2,,,,Ability to substitute into a formula 
A-Level,2015,C3,Ying,5(b),6,B2,,,,Choosing and applying appropriate algorithms 
A-Level,2015,C3,Ying,6(a),3,A3,,,,RUOP
A-Level,2015,C3,Ying,6(b),3,A2,,,,Ability to substitute into a formula 
A-Level,2015,C3,Ying,6(c),2,A2,,,,Framing a mathematical argument from an outline of the method. 
A-Level,2015,C3,Ying,7(a),3,A3,,,,RUOP
A-Level,2015,C3,Ying,7(b),6,B2,,,,Choosing and applying appropriate algorithms 
A-Level,2015,C3,Ying,7(c),1,B1,,,,Being able to decide whether or not conditions of a conceptual definition are satisfied 
A-Level,2015,C3,Ying,8(a),5,B2,,,,Choosing and applying appropriate algorithms 
A-Level,2015,C3,Ying,8(b),4,A3,,,,RUOP
A-Level,2015,C3,Ying,9(a),3,A3,,,,RUOP
A-Level,2015,C3,Ying,9(b),3,A3,,,,RUOP
A-Level,2015,C3,Ying,9(c),2,C1,,,,Recognizing what properties of the question allow assumptions that justify the final result to hold.
A-Level,2016,C3,Ying,1(a),4,A3,,,,RUOP
A-Level,2016,C3,Ying,1(b),1,A2,,,,Being able to decide whether or not conditions of a simple definition are satisfied 
A-Level,2016,C3,Ying,2(a),4,A3,,,,RUOP
A-Level,2016,C3,Ying,2(b),3,A3,,,,Choosing and applying appropriate algorithms 
A-Level,2016,C3,Ying,3(a),3,A3,,,,RUOP
A-Level,2016,C3,Ying,3(b),5,A3,,,,RUOP
A-Level,2016,C3,Ying,3(c),2,A3,,,,RUOP
A-Level,2016,C3,Ying,4(a),5,A3,,,,RUOP
A-Level,2016,C3,Ying,4(b),2,A3,,,,RUOP
A-Level,2016,C3,Ying,4(c),2,A2,,,,Ability to substitute into a formula 
A-Level,2016,C3,Ying,4(d),2,B2,,,,Choosing and applying appropriate algorithms 
A-Level,2016,C3,Ying,5(i),5,B2,,,,Choosing and applying appropriate algorithms 
A-Level,2016,C3,Ying,5(ii),5,B1,,,,Recognising the applicability of a general forumla in an unusual context
A-Level,2016,C3,Ying,6(a),4,A3,,,,RUOP
A-Level,2016,C3,Ying,6(b),5,A3,,,,RUOP
A-Level,2016,C3,Ying,7(a),2,B1,,,,Transformation of information 
A-Level,2016,C3,Ying,7(b),3,A3,,,,RUOP
A-Level,2016,C3,Ying,8(a),4,B2,,,,Choosing and applying appropriate algorithms 
A-Level,2016,C3,Ying,8(b),6,A3,,,,RUOP
A-Level,2016,C3,Ying,9(a),2,B1,,,,Transformation of information 
A-Level,2016,C3,Ying,9(b),2,B1,,,,Transformation of information 
A-Level,2016,C3,Ying,9(c),4,A3,,,,RUOP
A-Level,2017,C3,Ying,1,4,A3,,,,RUOP
A-Level,2017,C3,Ying,2(a),3,A3,,,,RUOP
A-Level,2017,C3,Ying,2(b),4,A3,,,,RUOP
A-Level,2017,C3,Ying,3(a),1,A2,,,,Ability to substitute into a formula 
A-Level,2017,C3,Ying,3(b),3,A3,,,,RUOP
A-Level,2017,C3,Ying,3(c),4,A3,,,,RUOP
A-Level,2017,C3,Ying,3(d),1,A2,,,,RUOP
A-Level,2017,C3,Ying,4(a),3,A3,,,,RUOP
A-Level,2017,C3,Ying,4(b),2,A3,,,,RUOP
A-Level,2017,C3,Ying,4(c),4,B2,,,,Choosing and applying appropriate algorithms 
A-Level,2017,C3,Ying,5(a),5,A3,,,,RUOP
A-Level,2017,C3,Ying,5(b),3,A3,,,,RUOP
A-Level,2017,C3,Ying,5(c),2,A2,,,,Ability to substitute into a formula 
A-Level,2017,C3,Ying,6(a),4,B1,,,,Transformation of information 
A-Level,2017,C3,Ying,6(b),4,B2,,,,Choosing and applying appropriate algorithms 
A-Level,2017,C3,Ying,7(i)(a),4,A3,,,,RUOP
A-Level,2017,C3,Ying,7(i)(b),2,A3,,,,RUOP
A-Level,2017,C3,Ying,7(ii),4,A3,,,,RUOP
A-Level,2017,C3,Ying,8(a),1,A2,,,,Ability to substitute into a formula 
A-Level,2017,C3,Ying,8(b),3,A3,,,,RUOP
A-Level,2017,C3,Ying,8(c),4,A2,,,,Ability to substitute into a formula 
A-Level,2017,C3,Ying,8(d),1,A2,,,,Ability to substitute into a formula 
A-Level,2017,C3,Ying,9(a),4,B2,,,,Choosing and applying appropriate algorithms 
A-Level,2017,C3,Ying,9(b),5,A3,,,,RUOP
A-Level,2014,C1,Ying,1,3,A3,,,,RUOP
A-Level,2014,C1,Ying,2(a),1,A3,,,,Calculation 
A-Level,2014,C1,Ying,2(b),3,A3,,,,RUOP
A-Level,2014,C1,Ying,3(a),2,A3,,,,RUOP
A-Level,2014,C1,Ying,3(b),4,A3,,,,RUOP
A-Level,2014,C1,Ying,3(c),1,A2,,,,Fact stating 
A-Level,2014,C1,Ying,4(a),1,A2,,,,Fact stating 
A-Level,2014,C1,Ying,4(b),3,A3,,,,RUOP
A-Level,2014,C1,Ying,4(c),1,B1,,,,Explaining relationships between component parts of the material 
A-Level,2014,C1,Ying,5(a),2,A2,,,,Ability to substitute into a formula 
A-Level,2014,C1,Ying,5(b),3,A2,,,,Ability to substitute into a formula 
A-Level,2014,C1,Ying,6(a),1,A3,,,,Calculation 
A-Level,2014,C1,Ying,6(b),4,B1,,,,Recognizing applicability of formula or method in different or unusual contexts 
A-Level,2014,C1,Ying,7(a),3,A3,,,,RUOP
A-Level,2014,C1,Ying,7(b),4,A3,,,,RUOP
A-Level,2014,C1,Ying,8(a),2,B1,,,,Recognizing applicability of formula or method in different or unusual contexts A
A-Level,2014,C1,Ying,8(b),3,A3,,,,RUOP
A-Level,2014,C1,Ying,8(c),4,B2,,,,Extrapolation of known procedures to new situations
A-Level,2014,C1,Ying,9(a),4,A3,,,,RUOP
A-Level,2014,C1,Ying,9(b),6,B2,,,,Extrapolation of known procedures to new situations
A-Level,2014,C1,Ying,10(a),5,A3,,,,RUOP
A-Level,2014,C1,Ying,10(b),5,A3,,,,RUOP
A-Level,2014,C1,Ying,11(a),2,A2,,,,Ability to substitute into a formula 
A-Level,2014,C1,Ying,11(b),3,A3,,,,RUOP
A-Level,2014,C1,Ying,11(c),5,B2,,,,Choosing and applying appropriate algorithms 
A-Level,2015,C1,Ying,1(a),1,A3,,,,Calculation
A-Level,2015,C1,Ying,1(b),4,A3,,,,RUOP
A-Level,2015,C1,Ying,2,7,A3,,,,RUOP
A-Level,2015,C1,Ying,3(a),3,A3,,,,RUOP
A-Level,2015,C1,Ying,3(b),3,A3,,,,RUOP
A-Level,2015,C1,Ying,4(i)(a),1,A2,,,,Ability to substitute into a formula 
A-Level,2015,C1,Ying,4(i)(b),2,A3,,,,Pattern spotting 
A-Level,2015,C1,Ying,4(ii)(a),2,A2,,,,Ability to substitute into a formula 
A-Level,2015,C1,Ying,4(ii)(b),3,A3,,,,Recognizing applicability of formula or method in different or unusual contexts A
A-Level,2015,C1,Ying,5(a),3,B2,,,,Extrapolation of known procedures to new situations
A-Level,2015,C1,Ying,5(b),4,A3,,,,RUOP
A-Level,2015,C1,Ying,6(a),5,A3,,,,RUOP
A-Level,2015,C1,Ying,6(b),5,A3,,,,RUOP
A-Level,2015,C1,Ying,7(a),1,A3,,,,Calculation 
A-Level,2015,C1,Ying,7(b),4,A3,,,,RUOP
A-Level,2015,C1,Ying,8(a),3,A3,,,,
A-Level,2015,C1,Ying,8(b),3,B1,,,,RUOP
A-Level,2015,C1,Ying,8(c),4,A3,,,,RUOP
A-Level,2015,C1,Ying,9(a),2,B1,,,,Transfer of information verbal to numerical 
A-Level,2015,C1,Ying,9(b),5,A3,,,,RUOP
A-Level,2015,C1,Ying,10(a),5,A3,,,,RUOP
A-Level,2015,C1,Ying,10(b),5,B2,,,,Choosing and applying appropriate algorithms 
A-Level,2016,C1,Ying ,1,4,A3,,,,RUOP
A-Level,2016,C1,Ying ,2,2,A2,,,,Deciding whether simple definitions are satisfied
A-Level,2016,C1,Ying ,3(a),2,A2,,,,Deciding whether simple definitions are satisfied
A-Level,2016,C1,Ying ,3(b),3,B2,,,,Choosing and applying appropriate algorithms 
A-Level,2016,C1,Ying ,4(a),2,B1,,,,Recognizing applicability of formula or method in different or unusual contexts A
A-Level,2016,C1,Ying ,4(b),3,B1,,,,Recognizing applicability of formula or method in different or unusual contexts A
A-Level,2016,C1,Ying ,5,6,A3,,,,RUOP
A-Level,2016,C1,Ying ,6(a),2,A2,,,,Ability to substitute into a formula 
A-Level,2016,C1,Ying ,6(b),3,A3,,,,
A-Level,2016,C1,Ying ,6(c),1,A3,,,,Pattern spotting 
A-Level,2016,C1,Ying ,7,6,A3,,,,RUOP
A-Level,2016,C1,Ying ,8(a),4,B2,,,,Extrapolation of known procedures to new situations
A-Level,2016,C1,Ying ,8(b),4,A3,,,,RUOP
A-Level,2016,C1,Ying ,9(a),1,A2,,,,
A-Level,2016,C1,Ying ,9(b),2,B1,,,,Transfer of information verbal to numerical 
A-Level,2016,C1,Ying ,9(c),3,B1,,,,Transfer of information verbal to numerical 
A-Level,2016,C1,Ying ,9(d),3,B1,,,,Recognizing applicability of formula or method in different or unusual contexts 
A-Level,2016,C1,Ying ,9(e),2,A3,,,,
A-Level,2016,C1,Ying ,10(a),5,A3,,,,RUOP
A-Level,2016,C1,Ying ,10(b),2,A2,,,,Ability to substitute into a formula 
A-Level,2016,C1,Ying ,10(c),5,B1,,,,Recognising applicability of a formula 
A-Level,2016,C1,Ying ,11(a),2,A3,,,,
A-Level,2016,C1,Ying ,11(b),4,B2,,,,
A-Level,2016,C1,Ying ,11(c),2,A3,,,,
A-Level,2016,C1,Ying ,11(d),2,B2,,,,
A-Level,2017,C1,Ying,1,4,A3,,,,RUOP
A-Level,2017,C1,Ying,2,5,A3,,,,RUOP
A-Level,2017,C1,Ying,3(a),3,A2,,,,Ability to substitute into a formula 
A-Level,2017,C1,Ying,3(b),3,A3,,,,RUOP
A-Level,2017,C1,Ying,4(a),2,A2,,,,Ability to substitute into a formula 
A-Level,2017,C1,Ying,4(b),5,A3,,,,
A-Level,2017,C1,Ying,5(a),2,A3,,,,
A-Level,2017,C1,Ying,5(b),3,B1,,,,Transfer of information Numerical to visual 
A-Level,2017,C1,Ying,5(c),3,A3,,,,
A-Level,2017,C1,Ying,6(a),2,A3,,,,RUOP
A-Level,2017,C1,Ying,6(b),4,A3,,,,RUOP
A-Level,2017,C1,Ying,7(a),4,A3,,,,RUOP
A-Level,2017,C1,Ying,7(b),5,A3,,,,RUOP
A-Level,2017,C1,Ying,8(a),4,A3,,,,
A-Level,2017,C1,Ying,8(b),4,B1,,,,Recognising applicability of a formula 
A-Level,2017,C1,Ying,9(a),4,B1,,,,Transfer of information Algebraic to visual 
A-Level,2017,C1,Ying,9(b),3,B2,,,,Proving an unseen theorem that goes beyond the routine use of procedure
A-Level,2017,C1,Ying,9©,4,A3,,,,RUOP
A-Level,2017,C1,Ying,10(a),3,A3,,,,RUOP
A-Level,2017,C1,Ying,10(b),3,A3,,,,RUOP
A-Level,2017,C1,Ying,10(c),5,B2,,,,Choosing and applying appropriate algorithms
A-Level,2014,C2,Ying,1(a),1,A3,,,,Simple calculation 
A-Level,2014,C2,Ying,1(b),4,A3,,,,RUOP
A-Level,2014,C2,Ying,2(a),2,A3,,,,RUOP
A-Level,2014,C2,Ying,2(b),4,B2,,,,RUOP
A-Level,2014,C2,Ying,3(a),4,A3,,,,RUOP
A-Level,2014,C2,Ying,3(b),3,A3,,,,RUOP
A-Level,2014,C2,Ying,4,5,A3,,,,RUOP
A-Level,2014,C2,Ying,5(a),2,A2,,,,Ability to substitute into a formula 
A-Level,2014,C2,Ying,5(b),2,A2,,,,Ability to substitute into a formula 
A-Level,2014,C2,Ying,5(c),5,A3,,,,Recognizing applicability of formula or method in different or unusual contexts 
A-Level,2014,C2,Ying,6(a),2,A2,,,,Ability to substitute into a formula 
A-Level,2014,C2,Ying,6(b),2,A2,,,,Calculation 
A-Level,2014,C2,Ying,6(c),4,B2,,,,Extrapolation of known procedures to new situations
A-Level,2014,C2,Ying,7(i),4,A3,,,,RUOP
A-Level,2014,C2,Ying,7(ii),5,B2,,,,Choosing and applying appropriate algorithms 
A-Level,2014,C2,Ying,8(a),2,B1,,,,Transfer of information from numerical to visual 
A-Level,2014,C2,Ying,8(b),5,A3,,,,RUOP
A-Level,2014,C2,Ying,9(a),3,B2,,,,Choosing and applying appropriate algorithms 
A-Level,2014,C2,Ying,9(b),2,A2,,,,Ability to substitute into a formula 
A-Level,2014,C2,Ying,10(a),2,B1,,,,Transfer of information 
A-Level,2014,C2,Ying,10(b),4,A3,,,,RUOP
A-Level,2014,C2,Ying,10(c),6,B2,,,,Choosing and applying appropriate algorithms 
A-Level,2014,C2,Ying,10(d),2,C1,,,,Proving a theorem in order to justify a result
A-Level,2015,C2,Ying,1,4,A3,,,,RUOP
A-Level,2015,C2,Ying,2(a),3,A2,,,,Ability to substitute into a formula 
A-Level,2015,C2,Ying,2(b),4,A3,,,,RUOP
A-Level,2015,C2,Ying,3(a),2,B2,,,,Extrapolation of known procedures to new situations
A-Level,2015,C2,Ying,3(b),4,A3,,,,RUOP
A-Level,2015,C2,Ying,3(c),3,A3,,,,RUOP
A-Level,2015,C2,Ying,4(a),2,A2,,,,Ability to substitute into a formula 
A-Level,2015,C2,Ying,4(b),3,A2,,,,Ability to substitute into a formula 
A-Level,2015,C2,Ying,4(c),3,A3,,,,RUOP
A-Level,2015,C2,Ying,5(i)(a),4,B2,,,,Extrapolation of known procedures to new situations
A-Level,2015,C2,Ying,5(i)(b),2,B2,,,,Extrapolation of known procedures to new situations
A-Level,2015,C2,Ying,5(ii),4,B2,,,,Extrapolation of known procedures to new situations
A-Level,2015,C2,Ying,6(a),4,A3,,,,
A-Level,2015,C2,Ying,6(b),5,B1,,,,Recognising the applicability of a formula in different or unusual contexts 
A-Level,2015,C2,Ying,7(i),3,A3,,,,
A-Level,2015,C2,Ying,7(ii),6,B2,,,,Choosing and applying appropriate algorithms 
A-Level,2015,C2,Ying,8(i),3,A3,,,,RUOP
A-Level,2015,C2,Ying,8(ii)(a),3,A3,,,,RUOP
A-Level,2015,C2,Ying,8(ii)(b),3,A3,,,,RUOP
A-Level,2015,C2,Ying,9(a),4,B1,,,,Transformation of information 
A-Level,2015,C2,Ying,9(b),5,A3,,,,RUOP
A-Level,2015,C2,Ying,9(c),1,C1,,,,Proving a theorem in order to justify a result
A-Level,2016,C2,Ying,1(a),2,B2,,,,Extrapolation of known procedures to new situations
A-Level,2016,C2,Ying,1(b),2,A2,,,,Ability to substitute into a formula 
A-Level,2016,C2,Ying,1(c),3,B2,,,,Extrapolation of known procedures to new situations
A-Level,2016,C2,Ying,2(a),1,A3,,,,Simple Calculation 
A-Level,2016,C2,Ying,2(b),3,A3,,,,RUOP
A-Level,2016,C2,Ying,2(c),2,B2,,,,
A-Level,2016,C2,Ying,3(a),2,A3,,,,RUOP
A-Level,2016,C2,Ying,3(b),2,A2,,,,Ability to substitute into a formula 
A-Level,2016,C2,Ying,3(c),4,A3,,,,RUOP
A-Level,2016,C2,Ying,4(a),2,A3,,,,RUOP
A-Level,2016,C2,Ying,4(b),2,A3,,,,RUOP
A-Level,2016,C2,Ying,4(c),4,A3,,,,RUOP
A-Level,2016,C2,Ying,5(a),4,B2,,,,hoosing and applying appropriate algorithms
A-Level,2016,C2,Ying,5(b),1,A3,,,,RUOP
A-Level,2016,C2,Ying,5(c),2,A3,,,,RUOP
A-Level,2016,C2,Ying,5(d),2,A3,,,,RUOP
A-Level,2016,C2,Ying,6(i),3,A3,,,,RUOP
A-Level,2016,C2,Ying,6(ii),6,A3,,,,RUOP
A-Level,2016,C2,Ying,7(a),3,A3,,,,RUOP
A-Level,2016,C2,Ying,7(b),3,B1,,,,Explaining processes or the relationships between component parts of the material.
A-Level,2016,C2,Ying,8(i),3,A3,,,,RUOP
A-Level,2016,C2,Ying,8(ii),4,B2,,,,Choosing and applying appropriate algorithms 
A-Level,2016,C2,Ying,9(a),2,B1,,,,Transformation of information 
A-Level,2016,C2,Ying,9(b),3,B2,,,,Choosing and applying appropriate algorithms 
A-Level,2016,C2,Ying,9(c),3,A3,,,,RUOP
A-Level,2016,C2,Ying,9(d),5,A3,,,,RUOP
A-Level,2016,C2,Ying,9e,2,C1,,,,Proving a theorem in order to justify a result
A-Level,2017,C2,Ying,1,4,A3,,,,RUOP
A-Level,2017,C2,Ying,2,4,B1,,,,Transformation of information
A-Level,2017,C2,Ying,3(a),1,A3,,,,Simple Calculation 
A-Level,2017,C2,Ying,3(b),4,A3,,,,RUOP
A-Level,2017,C2,Ying,3(c),1,A3,,,,RUOP
A-Level,2017,C2,Ying,4(a),2,B1,,,,Transformation of information
A-Level,2017,C2,Ying,4(b),2,B1,,,,Transformation of information
A-Level,2017,C2,Ying,4(c),4,A3,,,,RUOP
A-Level,2017,C2,Ying,5(a),2,A3,,,,RUOP
A-Level,2017,C2,Ying,5(b),2,A3,,,,RUOP
A-Level,2017,C2,Ying,5(c),3,A3,,,,RUOP
A-Level,2017,C2,Ying,6(a),2,A3,,,,RUOP
A-Level,2017,C2,Ying,6(b),4,A3,,,,RUOP
A-Level,2017,C2,Ying,6(c),3,A3,,,,RUOP
A-Level,2017,C2,Ying,7(i),3,A3,,,,RUOP
A-Level,2017,C2,Ying,7(ii),4,A3,,,,RUOP
A-Level,2017,C2,Ying,8(a),3,B2,,,,Choosing and applying appropriate algorithms 
A-Level,2017,C2,Ying,8(b),5,A3,,,,RUOP
A-Level,2017,C2,Ying,9(a),4,B1,,,,Recognising the applicability of a generic forumula for an unusual situation 
A-Level,2017,C2,Ying,9(b),2,A3,,,,RUOP
A-Level,2017,C2,Ying,9(c),6,A3,,,,RUOP
A-Level,2017,C2,Ying,10(a),3,B2,,,,Choosing and applying appropriate algorithms 
A-Level,2017,C2,Ying,10(b),7,B2,,,,Choosing and applying appropriate algorithms 
ILA,2017,August,Roisin,A1,6,A3,2,0,0,(iii)
ILA,2017,August,Roisin,A2(a),3,A3,1,0,0,(iii)
ILA,2017,August,Roisin,A2(b),4,A2,2,0,0,(i)
ILA,2017,August,Roisin,A3(a),3,A2 ,1,0,0,(i)
ILA,2017,August,Roisin,A3(b),4,C2,1.5,0.5,0.25,(iii)
ILA,2017,August,Roisin,A4,7,C2,1.5,0.5,0.25,(iv)
ILA,2017,August,Roisin,A5(a),3,B1,1.5,0.5,0.25,(i)
ILA,2017,August,Roisin,A5(b),4,C2,1,0,,(iii)
ILA,2017,August,Roisin,A6,6,B2,1.5,0.5,0.25,(iii)
ILA,2017,August,Roisin,B1(a),4,A3,1,0,0,(iii)
ILA,2017,August,Roisin,B1(b),4,A3,2,0,0,(ii)
ILA,2017,August,Roisin,B1(c),6,A3,1.5,0,0,(iii)
ILA,2017,August,Roisin,B1(d),2,A3,1,0,0,(iii)
ILA,2017,August,Roisin,B1(e),4,B2,1.5,1,0.4,(i)
ILA,2017,August,Roisin,B2(a),10,A3,2.5,0,0,(iii)
ILA,2017,August,Roisin,B2(b)(i),6,A3,1,0.5,0.333333333,(iii)
ILA,2017,August,Roisin,B2(b)(ii),4,A3,1,0.5,0.333333333,(iii)
ILA,2017,August,Roisin,B3,20,A3,4,1,0.2,(iii)
ILA,2017,August,Roisin,B4(a),6,A3,3,0,0,(iii)
ILA,2017,August,Roisin,B4(b),4,A3,1,0,0,(iii)
ILA,2017,August,Roisin,B4(c),2,A2,0.5,0,0,(i)
ILA,2017,August,Roisin,B4(d),4,B2,1,0.5,0.333333333,(iii)
ILA,2017,August,Roisin,B4(e),4,B2,1,1,0.5,(iv)
ILA,2015,August,Roisin,A1,6,B1,,,,(v)
ILA,2015,August,Roisin,A2,7,A2 ,,,,(i)
ILA,2015,August,Roisin,A3,6,B2,,,,(i)
ILA,2015,August,Roisin,A4,7,A3,,,,(iii)
ILA,2015,August,Roisin,A5(a),3,B2,,,,(iii)
ILA,2015,August,Roisin,A5(b),4,C2,,,,(iv)
ILA,2015,August,Roisin,A6,7,C2,,,,(iii)
ILA,2015,August,Roisin,B1(a),4,A3,,,,(iii)
ILA,2015,August,Roisin,B1(b),3,A3,,,,(iii)
ILA,2015,August,Roisin,B1(c),4,A3,,,,(iii)
ILA,2015,August,Roisin,B1(d),5,B1,,,,(ii)
ILA,2015,August,Roisin,B1(e),4,A3,,,,(iii)
ILA,2015,August,Roisin,B2(a),10,A3,,,,(iii)
ILA,2015,August,Roisin,B2(b)(i),3,B2,,,,(i)
ILA,2015,August,Roisin,B2(b)(ii),3,B2,,,,(i)
ILA,2015,August,Roisin,B2(c),4,C1,,,,(i)
ILA,2015,August,Roisin,B3(a),3,A3,,,,(iii)
ILA,2015,August,Roisin,B3(b),5,A3,,,,(iv)
ILA,2015,August,Roisin,B3(c),3,C1,,,,(iv)
ILA,2015,August,Roisin,B3(d),4,A3,,,,(iii)
ILA,2015,August,Roisin,B3(e),5,C1,,,,(iv)
ILA,2015,August,Roisin,B4(a),8,A3,,,,(iii)
ILA,2015,August,Roisin,B4(b),4,A3,,,,(iii)
ILA,2015,August,Roisin,B4(c),3,A3,,,,(iii)
ILA,2015,August,Roisin,B4(d),5,B2,,,,(iv)
ILA,2013,August,Roisin,A1,7,C2,,,,(iii)
ILA,2013,August,Roisin,A2,7,C2,,,,(i)
ILA,2013,August,Roisin,A3,7,C1,,,,(iv)
ILA,2013,August,Roisin,A4,6,C2,,,,(iv)
ILA,2013,August,Roisin,A5,7,B2,,,,(i)
ILA,2013,August,Roisin,A6,6,B2,,,,(iii)
ILA,2013,August,Roisin,B1(a),2,A3,,,,(iii)
ILA,2013,August,Roisin,B1(b),4,A3,,,,(iii)
ILA,2013,August,Roisin,B1(c),4,A3,,,,(iii)
ILA,2013,August,Roisin,B1(d),5,B2,,,,(iv)
ILA,2013,August,Roisin,B1(e),5,B2,,,,(iv)
ILA,2013,August,Roisin,B2(a),3,A3,,,,(iii)
ILA,2013,August,Roisin,B2(b),2,A3,,,,(iii)
ILA,2013,August,Roisin,B2(c),3,A3,,,,(iii)
ILA,2013,August,Roisin,B2(d),4,B2,,,,(iii)
ILA,2013,August,Roisin,B2(e),4,B2,,,,(iii)
ILA,2013,August,Roisin,B2(f),4,C1,,,,(i)
ILA,2013,August,Roisin,B3(a),3,A2 ,,,,(i)
ILA,2013,August,Roisin,B3(b),2,A2 ,,,,(i)
ILA,2013,August,Roisin,B3(c),3,A3,,,,(iii)
ILA,2013,August,Roisin,B3(d),4,A3,,,,(iii)
ILA,2013,August,Roisin,B3(e),4,B2,,,,(i)
ILA,2013,August,Roisin,B3(f),4,A2 ,,,,(i)
ILA,2013,August,Roisin,B4(a),8,A3,,,,(iii)
ILA,2013,August,Roisin,B4(b),4,A2 ,,,,(i)
ILA,2013,August,Roisin,B4(c),4,A3,,,,(iii)
ILA,2013,August,Roisin,B4(d),4,C2,,,,(iv)
ILA,2014,August,Ying,A1,6,B1,,,,Transformation of information Visual to verbal 
ILA,2014,August,Ying,A2,7,B1 ,,,,Transformation of information Visual to verbal 
ILA,2014,August,Ying,A3,6,C2,,,,Being able to generate examples and counterexamples
ILA,2014,August,Ying,A4a,4,B2,,,,
ILA,2014,August,Ying,A4b,3,C2,,,,
ILA,2014,August,Ying,A5,7,B2,,,,Extrapolation of known procedures to new situations 
ILA,2014,August,Ying,A6,7,A3,,,,RUOP
ILA,2014,August,Ying,B1(a)(i),3,A3,,,,RUOP
ILA,2014,August,Ying,B1(a)(ii),3,A3,,,,RUOP
ILA,2014,August,Ying,B1(a)(i),7,A3,,,,RUOP
ILA,2014,August,Ying,B1(a)(ii),4,A3,,,,RUOP
ILA,2014,August,Ying,B1(a)(iii),3,B2,,,,Extrapolation of known procedures to new situations 
ILA,2014,August,Ying,B2(a),3,A3,,,,RUOP
ILA,2014,August,Ying,b2(b),3,A3,,,,RUOP
ILA,2014,August,Ying,B2(c),3,A3,,,,RUOP
ILA,2014,August,Ying,B2(d),4,A3,,,,RUOP
ILA,2014,August,Ying,B2(e),4,B2,,,,Proving an unseen theorem that goes beyond the routine use of procedure 
ILA,2014,August,Ying,B2(f),3,C1,,,,Proving a theorem in order to justify a result
ILA,2014,August,Ying,B3(a)(i),3,A3,,,,RUOP
ILA,2014,August,Ying,B3(a)(ii),5,B2,,,,Proving an unseen theorem that goes beyond the routine use of procedure 
ILA,2014,August,Ying,B3(a)(iii),3,A3,,,,RUOP
ILA,2014,August,Ying,B3(b)(i),4,A3,,,,Standard proof
ILA,2014,August,Ying,B3(b)(ii),5,B2,,,,Proving an unseen theorem that goes beyond the routine use of procedure 
ILA,2014,August,Ying,B4(a),4,A2 ,,,,Deciding when conditions of a simple definition are satisfied
ILA,2014,August,Ying,B4(b),4,A3,,,,RUOP
ILA,2014,August,Ying,B4(c),4,A3,,,,RUOP
ILA,2014,August,Ying,B4(d),4,A3,,,,RUOP
ILA,2014,August,Ying,B4(e),4,B2,,,,Choosing and applying appropriate algorithms 
ILA,2016,December,Rachel,A1,6,B1 ,2,0.5,0.2,iv
ILA,2016,December,Rachel,A2,7,C2,2,0.5,0.2,i
ILA,2016,December,Rachel,A3,7,B2,2.5,0,0,iii
ILA,2016,December,Rachel,A4,7,B2,2,0.5,0.2,iii
ILA,2016,December,Rachel,A5a,3,B2,1,0.5,0.333333333,iii
ILA,2016,December,Rachel,A5b,3,C2,1,0.5,0.333333333,iv
ILA,2016,December,Rachel,A6,7,B2,1.5,0.5,0.25,iii
ILA,2016,December,Rachel,B1a,5,A3,2,0,0,iii
ILA,2016,December,Rachel,B1b,4,A3,1.5,0,0,ii
ILA,2016,December,Rachel,B1c,3,B2,1,0.5,0.333333333,iii
ILA,2016,December,Rachel,B1d,3,B2,1,0,0,iii
ILA,2016,December,Rachel,B1e,5,A3,1.5,0,0,iii
ILA,2016,December,Rachel,B2a(i),6,A3,1,0,0,iii
ILA,2016,December,Rachel,B2a(ii),6,A3,2,0,0,iii
ILA,2016,December,Rachel,B2b(i),3,A3,1,0,0,iii
ILA,2016,December,Rachel,B2b(ii),5,A3,2,0,0,iii
ILA,2016,December,Rachel,B3a,8,A3,3.5,0,0,iii
ILA,2016,December,Rachel,B3b,1,A2,0.5,0,0,i
ILA,2016,December,Rachel,B3c,3,A3,1.5,0,0,iii
ILA,2016,December,Rachel,B3d,2,B1,1,0,0,v
ILA,2016,December,Rachel,B3e,4,B1,1.5,0.5,0.25,v
ILA,2016,December,Rachel,B3f,2,B1,0.5,0.5,0.5,v
ILA,2016,December,Rachel,B4a(i),5,A3,1.5,0,0,iii
ILA,2016,December,Rachel,B4a(ii),4,B1,1,0.5,0.333333333,iv
ILA,2016,December,Rachel,B4a(iii),3,A3,1.5,0,0,iii
ILA,2016,December,Rachel,B4b,8,B1 ,2,1,0.333333333,i
ILA,2016,August,Ying,A1(a),3,A3,,,,RUOP
ILA,2016,August,Ying,A1(b),3,B1 ,,,,Being able to decide whether or not conditions of a conceptual  definition are satisfied 
ILA,2016,August,Ying,A2,6,B1,,,,Being able to decide whether or not conditions of a conceptual  definition are satisfied 
ILA,2016,August,Ying,A3(a),4,A2,,,,Being able to decide whether or not conditions of a simple definition are satisfied 
ILA,2016,August,Ying,A3(b),3,B2,,,,Proving an unseen theorem that goes beyond the routine use of procedure 
ILA,2016,August,Ying,A4,7,A3,,,,Proof that students have definitely come across before
ILA,2016,August,Ying,A5(a),5,B2,,,,Proving an unseen result which goes beyond the routine use of procedure
ILA,2016,August,Ying,A5(b),2,C2,,,,Constructing a counterexample
ILA,2016,August,Ying,A6,7,A3,,,,RUOP
ILA,2016,August,Ying,B1(a),3,A3,,,,RUOP
ILA,2016,August,Ying,B1(b),4,A2,,,,Being able to decide whether or not conditions of a simple definition are satisfied 
ILA,2016,August,Ying,B1(c),3,A3,,,,RUOP 
ILA,2016,August,Ying,B1(d),5,A3,,,,RUOP
ILA,2016,August,Ying,B1(e),5,A3,,,,RUOP 
ILA,2016,August,Ying,B2(a)(i),3,A3,,,,RUOP
ILA,2016,August,Ying,B2(a)(ii),2,A3,,,,RUOP
ILA,2016,August,Ying,B2(a)(iii),3,B1,,,,Transformation of information
ILA,2016,August,Ying,B2(b)(i),3,A3,,,,RUOP
ILA,2016,August,Ying,B2(b)(ii),6,A3,,,,RUOP
ILA,2016,August,Ying,B2(b)(iii),3,A3,,,,RUOP
ILA,2016,August,Ying,B3(a),4,A3,,,,RUOP
ILA,2016,August,Ying,B3(b),5,B1,,,,Being able to decide whether or not conditions of a conceptual  definition are satisfied 
ILA,2016,August,Ying,B3(c),5,A3,,,,RUOP
ILA,2016,August,Ying,B3(d),6,B2,,,,Choosing and applying appropriate algorithms 
ILA,2016,August,Ying,B4(a),2,A3,,,,RUOP
ILA,2016,August,Ying,B4(b),6,B1,,,,Being able to decide whether or not conditions of a conceptual  definition are satisfied 
ILA,2016,August,Ying,B4(c),8,A3,,,,RUOP
ILA,2016,August,Ying,B4(d),4,C2,,,,Understanding the implications of a given result 
ILA ,2014,December,Rachel,A1,6,B2,,,,iii
ILA ,2014,December,Rachel,A2,6,B1,,,,v
ILA ,2014,December,Rachel,A3a,5,B1 ,,,,v
ILA ,2014,December,Rachel,A3b,2,C2,,,,iv
ILA ,2014,December,Rachel,A4a,3,C2,,,,iv
ILA ,2014,December,Rachel,A4b,4,B2,,,,iii
ILA ,2014,December,Rachel,A5,7,B2,,,,i
ILA ,2014,December,Rachel,A6a,2,C2,,,,
ILA ,2014,December,Rachel,A6b,2,A2,,,,i
ILA ,2014,December,Rachel,A6c,3,A3,,,,
ILA ,2014,December,Rachel,B1a(i),2,A3,,,,iii
ILA ,2014,December,Rachel,B1a(ii),2,A3,,,,iii
ILA ,2014,December,Rachel,B1a(iii),3,A3,,,,iii
ILA ,2014,December,Rachel,B1a(iv),3,A3,,,,iii
ILA ,2014,December,Rachel,B1b(i),3,B2,,,,iii
ILA ,2014,December,Rachel,B1b(ii),3,A3,,,,iii
ILA ,2014,December,Rachel,B1b(iii),4,C1,,,,ii
ILA ,2014,December,Rachel,B2a,6,A3,,,,iii
ILA ,2014,December,Rachel,B2b,3,A3,,,,iii
ILA ,2014,December,Rachel,B2c,4,A3,,,,iii
ILA ,2014,December,Rachel,B2d,3,A3,,,,iii
ILA ,2014,December,Rachel,B2e,4,C1,,,,iv
ILA ,2014,December,Rachel,B3a(i),8,A3,,,,iii
ILA ,2014,December,Rachel,B3a(ii),2,A3,,,,iii
ILA ,2014,December,Rachel,B3a(iii),4,A3,,,,iii
ILA ,2014,December,Rachel,B3a(iv),2,B1 ,,,,v
ILA ,2014,December,Rachel,B3b,4,A3,,,,iii
ILA ,2014,December,Rachel,B4a,2,A3,,,,iii
ILA ,2014,December,Rachel,B4b,4,A3,,,,iii
ILA ,2014,December,Rachel,B4c,4,A3,,,,iii
ILA ,2014,December,Rachel,B4d,6,A3,,,,iii
ILA ,2014,December,Rachel,B4e,4,B1,,,,i
ILA,2015,December ,Max,A1,7,B1,,,,
ILA,2015,December,Max,A2a,2,A2,,,,
ILA,2015,December,Max,A2b,2,A2,,,,
ILA,2015,December,Max,A2c,2,B1,,,,
ILA,2015,December,Max,A3,7,A3,,,,
ILA,2015,December,Max,A4,6,C2,,,,
ILA,2015,December,Max,A5,7,C2,,,,
ILA,2015,December,Max,A6,7,B1,,,,
ILA,2015,December,Max,B1a,4,A3,,,,
ILA,2015,December,Max,B1b,6,A3,,,,
ILA,2015,December,Max,B1c,6,A3,,,,
ILA,2015,December,Max,B1d,4,A3,,,,
ILA,2015,December,Max,B2a,5,A3,,,,
ILA,2015,December,Max,B2b,5,B1,,,,
ILA,2015,December,Max,B2c,5,A3,,,,
ILA,2015,December,Max,B2d,5,C1,,,,
ILA,2015,December,Max,B3a,3,A3,,,,
ILA,2015,December,Max,B3b,5,B1,,,,
ILA,2015,December,Max,B3c,12,B2,,,,
ILA,2015,December,Max,B4a,4,A3,,,,
ILA,2015,December,Max,B4b,8,A3,,,,
ILA,2015,December,Max,B4c,4,A3,,,,
ILA,2015,December,Max,B4d,4,B1,,,,
ILA,2013,December,Max,A1a,3,C1,,,,
ILA,2013,December,Max,A1b,4,C1,,,,
ILA,2013,December,Max,A2,7,C2,,,,
ILA,2013,December,Max,A3,6,B1,,,,
ILA,2013,December,Max,A4,6,B2,,,,
ILA,2013,December,Max,A5a,3,B1,,,,
ILA,2013,December,Max,A5b,4,B1,,,,
ILA,2013,December,Max,A6,7,A3,,,,
ILA,2013,December,Max,B1a,2,A3,,,,
ILA,2013,December,Max,B1b,5,A3,,,,
ILA,2013,December,Max,B1c,6,A3,,,,
ILA,2013,December,Max,B1d,5,A3,,,,
ILA,2013,December,Max,B1e,2,B1,,,,
ILA,2013,December,Max,B2a,3,A3,,,,
ILA,2013,December,Max,B2b,3,A3,,,,
ILA,2013,December,Max,B2c,3,A3,,,,
ILA,2013,December,Max,B2d,3,A3,,,,
ILA,2013,December,Max,B2e,4,B1,,,,
ILA,2013,December,Max,B2f,4,C1,,,,
ILA,2013,December,Max,B3a,2,A3,,,,
ILA,2013,December,Max,B3b,4,A3,,,,
ILA,2013,December,Max,B3c,4,A3,,,,
ILA,2013,December,Max,B3d,4,B2,,,,
ILA,2013,December,Max,B3(ii)a,3,B2,,,,
ILA,2013,December,Max,B3(ii)b,3,C2,,,,
ILA,2013,December,Max,B4a,4,A3,,,,
ILA,2013,December,Max,B4b,6,A3,,,,
ILA,2013,December,Max,B4c,3,A3,,,,
ILA,2013,December,Max,B4d,4,B2,,,,
ILA,2013,December,Max,B4e,3,C1,,,,
ILA,2011,December,Max,A1a,3,A2,,,,
ILA,2011,December,Max,A1b,3,A2,,,,
ILA,2011,December,Max,A2a,3,A2,,,,
ILA,2011,December,Max,A2b,3,A2,,,,
ILA,2011,December,Max,A3a,3,B1,,,,
ILA,2011,December,Max,A3b,4,B1,,,,
ILA,2011,December,Max,A4,7,A3,,,,
ILA,2011,December,Max,A5a,3,B1,,,,
ILA,2011,December,Max,A5b,4,B1,,,,
ILA,2011,December,Max,A6,7,C1,,,,
ILA,2011,December,Max,B1a,5,A3,,,,
ILA,2011,December,Max,B1b,4,A3,,,,
ILA,2011,December,Max,B1c,5,A3,,,,
ILA,2011,December,Max,B1d,6,A3,,,,
ILA,2011,December,Max,B2a(i),4,A3,,,,
ILA,2011,December,Max,B2a(ii),6,B2,,,,
ILA,2011,December,Max,B2a(iii),2,A2,,,,
ILA,2011,December,Max,B2a(iv),3,B1,,,,
ILA,2011,December,Max,B2b,5,C1,,,,
ILA,2011,December,Max,B3a,6,A3,,,,
ILA,2011,December,Max,B3b,3,A3,,,,
ILA,2011,December,Max,B3c,6,C2,,,,
ILA,2011,December,Max,B3d,5,B2,,,,
ILA,2011,December,Max,B4a(i),4,B2,,,,
ILA,2011,December,Max,B4a(ii),5,B1,,,,
ILA,2011,December,Max,B4b(i),6,A3,,,,
ILA,2011,December,Max,B4b(ii),5,B2,,,,
ILA,2012,August,Rachel,A1,6,C2,,,,iv
ILA,2012,August,Rachel,A2a,3,A3,,,,iii
ILA,2012,August,Rachel,A2b,3,A3,,,,iii
ILA,2012,August,Rachel,A3,7,B1,,,,v
ILA,2012,August,Rachel,A4,7,A3,,,,iii
ILA,2012,August,Rachel,A5,7,C1,,,,iv
ILA,2012,August,Rachel,A6,7,C1,,,,iv
ILA,2012,August,Rachel,B1a,3,A3,,,,iii
ILA,2012,August,Rachel,B1b,3,A3,,,,iii
ILA,2012,August,Rachel,B1c,5,A3,,,,iii
ILA,2012,August,Rachel,B1d,4,B1,,,,v
ILA,2012,August,Rachel,B1e,5,A3,,,,iii
ILA,2012,August,Rachel,B2a,5,A3,,,,iii
ILA,2012,August,Rachel,B2b,5,A3,,,,iii
ILA,2012,August,Rachel,B2c,5,A3,,,,ii
ILA,2012,August,Rachel,B2d,5,B1,,,,iv
ILA,2012,August,Rachel,B3a(i),4,A3,,,,iii
ILA,2012,August,Rachel,B3a(ii),7,A3,,,,iii
ILA,2012,August,Rachel,B3b(i),3,B2,,,,iii
ILA,2012,August,Rachel,B3b(ii),3,B2,,,,iii
ILA,2012,August,Rachel,B3b(iii),3,B2,,,,iii
ILA,2012,August,Rachel,B4a,10,A3,,,,iii
ILA,2012,August,Rachel,B4b,5,A3,,,,iii
ILA,2012,August,Rachel,B4c,5,B1,,,,iv
ILA,2012,December,Rachel,A1a,3,C2,,,,iv
ILA,2012,December,Rachel,A1b,4,B2,,,,iii
ILA,2012,December,Rachel,A2,6,B2,,,,iii
ILA,2012,December,Rachel,A3,7,B1,,,,v
ILA,2012,December,Rachel,A4,6,A3,,,,iii
ILA,2012,December,Rachel,A5a,3,B2,,,,iii
ILA,2012,December,Rachel,A5b,4,C2,,,,iv
ILA,2012,December,Rachel,A6,7,C1,,,,iv
ILA,2012,December,Rachel,B1a,4,A3,,,,iii
ILA,2012,December,Rachel,B1b,4,A3,,,,iii
ILA,2012,December,Rachel,B1c,4,A3,,,,iii
ILA,2012,December,Rachel,B1d,4,A3,,,,iii
ILA,2012,December,Rachel,B1e,4,A3,,,,iii
ILA,2012,December,Rachel,B2a,2,A3,,,,iii
ILA,2012,December,Rachel,B2b,4,A3,,,,iii
ILA,2012,December,Rachel,B2c,5,A3,,,,iii
ILA,2012,December,Rachel,B2d,5,B2,,,,iii
ILA,2012,December,Rachel,B2e,4,C2,,,,iii
ILA,2012,December,Rachel,B3a,5,A3,,,,iii
ILA,2012,December,Rachel,B3b,2,A2,,,,i
ILA,2012,December,Rachel,B3c,4,A3,,,,iii
ILA,2012,December,Rachel,B3d,6,A3,,,,iii
ILA,2012,December,Rachel,B3e,3,B2,,,,iii
ILA,2012,December,Rachel,B4a(i),6,A3,,,,iii
ILA,2012,December,Rachel,B4a(ii),5,B1,,,,
ILA,2012,December,Rachel,B4b(i),4,B2,,,,iii
ILA,2012,December,Rachel,B4b(ii),3,B2,,,,iii
ILA,2012,December,Rachel,B4b(iii),2,B1,,,,iv
ILA,2018,December,Max,1,6,A3,,,,
ILA,2018,December,Max ,2,4,C1,,,,
ILA,2018,December,Max,3a,2,B1,,,,
ILA,2018,December,Max ,3b,2,C2,,,,
ILA,2018,December,Max,3c,2,C2,,,,
ILA,2018,December,Max ,3d,2,B1,,,,
ILA,2018,December,Max,4,5,C2,,,,
ILA,2018,December,Max ,5a,2,A2,,,,
ILA,2018,December,Max,5b,2,B1,,,,
ILA,2018,December,Max ,5c,2,B1,,,,
ILA,2018,December,Max,6a,3,A3,,,,
ILA,2018,December,Max ,6b,3,B1,,,,
ILA,2018,December,Max,7a,6,B2,,,,
ILA,2018,December,Max ,7b,2,A2,,,,
ILA,2018,December,Max,7c,7,A3,,,,
ILA,2018,December,Max ,8a,10,A3,,,,
ILA,2018,December,Max,8b,2,A2,,,,
ILA,2018,December,Max ,8c,3,A3,,,,
ILA,2018,December,Max,9a,6,A3,,,,
ILA,2018,December,Max ,9b,6,A3,,,,
ILA,2018,December,Max,9c,3,A2,,,,
A-Level,2014,C4,Ying,1(a),5,A3,,,,RUOP
A-Level,2014,C4,Ying,1(b),2,A3,,,,RUOP
A-Level,2014,C4,Ying,2(a),2,A3,,,,RUOP
A-Level,2014,C4,Ying,2(b),3,A2,,,,Ability to substitute into a formula 
A-Level,2014,C4,Ying,3(a),1,A2,,,,Ability to substitute into a formula 
A-Level,2014,C4,Ying,3(b),3,A3,,,,RUOP
A-Level,2014,C4,Ying,3(c),1,B1,,,,Transformation of information 
A-Level,2014,C4,Ying,3(d),6,A3,,,,RUOP
A-Level,2014,C4,Ying,4,5,B2,,,,Extrapolation of known procedures in new situations 
A-Level,2014,C4,Ying,5(a),3,B2,,,,Extrapolation of known procedures in new situations 
A-Level,2014,C4,Ying,5(b),2,B2,,,,Extrapolation of known procedures in new situations 
A-Level,2014,C4,Ying,6(i),3,A3,,,,RUOP
A-Level,2014,C4,Ying,6(ii),2,A3,,,,RUOP
A-Level,2014,C4,Ying,6(iii),7,A3,,,,RUOP
A-Level,2014,C4,Ying,7(a),6,B2,,,,Choosing and applying appropriate algorithms 
A-Level,2014,C4,Ying,7(b),9,B2,,,,Choosing and applying appropriate algorithms 
A-Level,2014,C4,Ying,8(a),2,A2,,,,Ability to substitute into a formula 
A-Level,2014,C4,Ying,8(b),1,A2,,,,Ability to substitute into a formula 
A-Level,2014,C4,Ying,8(c),3,A3,,,,RUOP
A-Level,2014,C4,Ying,8(d),2,A2,,,,RUOP
A-Level,2014,C4,Ying,8(e),3,A3,,,,RUOP
A-Level,2014,C4,Ying,8(f),4,B2,,,,Choosing and applying appropriate algorithms 
A-Level,2015,C4,Ying,1(a),5,A2,,,,Ability to substitute into a formula 
A-Level,2015,C4,Ying,1(b),1,A2,,,,Ability to substitute into a formula 
A-Level,2015,C4,Ying,1(c),2,A2,,,,Ability to substitute into a formula 
A-Level,2015,C4,Ying,2(a),5,A3,,,,RUOP
A-Level,2015,C4,Ying,2(b),6,A3,,,,RUOP
A-Level,2015,C4,Ying,3(a),2,A3,,,,RUOP
A-Level,2015,C4,Ying,3(b),3,A3,,,,RUOP
A-Level,2015,C4,Ying,3(c),3,B1,,,,Ability to substitute into a formula 
A-Level,2015,C4,Ying,4(a),2,A3,,,,RUOP
A-Level,2015,C4,Ying,4(b),3,A2,,,,Ability to substitute into a formula 
A-Level,2015,C4,Ying,4(c),3,A3,,,,RUOP
A-Level,2015,C4,Ying,4(d),3,A3,,,,RUOP
A-Level,2015,C4,Ying,5(a),3,A3,,,,RUOP
A-Level,2015,C4,Ying,5(b),3,C1,,,,ecognizing what properties of the question allow assumptions that justify the final resultto hol
A-Level,2015,C4,Ying,6(a),5,A3,,,,RUOp
A-Level,2015,C4,Ying,6(b),3,A3,,,,RUOP
A-Level,2015,C4,Ying,7(a),3,A3,,,,RUOP
A-Level,2015,C4,Ying,7(b),7,A3,,,,RUOP
A-Level,2015,C4,Ying,7(c),3,A3,,,,RUOP
A-Level,2015,C4,Ying,8(a),4,A3,,,,RUOP
A-Level,2015,C4,Ying,8(b),6,B2,,,,Choosing and applying appropriate algorithms 
A-Level,2016,C4,Ying,1,6,A3,,,,RUOP
A-Level,2016,C4,Ying,2(a),1,A2,,,,Ability to substitute into a formula 
A-Level,2016,C4,Ying,2(b),3,A3,,,,RUOP
A-Level,2016,C4,Ying,2(c),5,B2,,,,Choosing and applying appropriate algorithms 
A-Level,2016,C4,Ying,3(a),5,A3,,,,RUOP
A-Level,2016,C4,Ying,3(b),4,B2,,,,Choosing and applying appropriate algorithms 
A-Level,2016,C4,Ying,4(a),4,A3,,,,RUOP
A-Level,2016,C4,Ying,4(b),3,B2,,,,Modelling real life settings
A-Level,2016,C4,Ying,5(a),4,A3,,,,RUOP
A-Level,2016,C4,Ying,5(b),2,A3,,,,RUOP
A-Level,2016,C4,Ying,6(i),6,A3,,,,RUOP
A-Level,2016,C4,Ying,6(ii)(a),5,A3,,,,RUOP
A-Level,2016,C4,Ying,6(ii)(b),4,B1,,,,Recognizing the applicability or in-applicability of generic formulae in unusual contexts.
A-Level,2016,C4,Ying,7(a),2,A3,,,,RUOP
A-Level,2016,C4,Ying,7(b),2,B1,,,,Transformation of information 
A-Level,2016,C4,Ying,7(c),4,A3,,,,RUOP
A-Level,2016,C4,Ying,8(a),1,A2,,,,Being able to decide whether or not conditions of a simple definition are satisfied 
A-Level,2016,C4,Ying,8(b),2,A2,,,,
A-Level,2016,C4,Ying,8(c),2,A3,,,,
A-Level,2016,C4,Ying,8(d),3,A3,,,,RUOP
A-Level,2016,C4,Ying,8(e),2,A3,,,,RUOP
A-Level,2016,C4,Ying,8(f),5,B2,,,,Choosing and applying appropriate algorithms 
A-Level,2017,C4,Ying,1(a),2,A3,,,,RUOP
A-Level,2017,C4,Ying,1(b),3,A3,,,,RUOP
A-Level,2017,C4,Ying,1(c),3,B2,,,,Choosing and applying appropriate algorithms 
A-Level,2017,C4,Ying,2(a),1,A2,,,,Ability to substitute into a formula 
A-Level,2017,C4,Ying,2(b),3,A3,,,,RUOP
A-Level,2017,C4,Ying,2(c),2,A3,,,,RUOP
A-Level,2017,C4,Ying,3(a),1,A2,,,,RUOP
A-Level,2017,C4,Ying,3(b),3,A3,,,,RUOP
A-Level,2017,C4,Ying,3(c),2,A3,,,,RUOP
A-Level,2017,C4,Ying,3(d),6,B2,,,,Proving  a  previously  unseen  theorem  or  result  which  goes  beyond  the  routine  use  ofprocedure
A-Level,2017,C4,Ying,4(a),6,A3,,,,RUOP
A-Level,2017,C4,Ying,4(b),3,A3,,,,RUOP
A-Level,2017,C4,Ying,5,7,B2,,,,Choosing and applying appropriate algorithms 
A-Level,2017,C4,Ying,6(a),3,A3,,,,RUOP
A-Level,2017,C4,Ying,6(b),3,A3,,,,RUOP
A-Level,2017,C4,Ying,6(c),2,A3,,,,RUOP
A-Level,2017,C4,Ying,6(d),2,B1,,,,recognizing the applicability or in-applicability of generic formulae in unusual contexts.
A-Level,2017,C4,Ying,6(e),3,B2,,,,Choosing and applying appropriate algorithms 
A-Level,2017,C4,Ying,7(a),2,B1,,,,Transformation of information 
A-Level,2017,C4,Ying,7(b),6,A3,,,,RUOP
A-Level,2017,C4,Ying,8(a),2,B2,,,,Choosing and applying appropriate algorithms 
A-Level,2017,C4,Ying,8(b),4,B1,,,,Recognizing the applicability or in-applicability of generic formulae in unusual contexts
A-Level,2017,C4,Ying,8(c),6,B2,,,,Choosing and applying appropriate algorithms 
SQA AH,2018,,Rachel,1a,2,A3,,,,iii
SQA AH,2018,,Rachel,1b,2,A3,,,,iii
SQA AH,2018,,Rachel,1c,4,A3,,,,iii
SQA AH,2018,,Rachel,2,4,A3,,,,iii
SQA AH,2018,,Rachel,3a,3,A3,,,,iii
SQA AH,2018,,Rachel,3b,2,A3,,,,ii
SQA AH,2018,,Rachel,4a,2,A3,,,,ii
SQA AH,2018,,Rachel,4b,1,A3,,,,ii
SQA AH,2018,,Rachel,5,4,A3,,,,iii
SQA AH,2018,,Rachel,6,5,B1,,,,iv
SQA AH,2018,,Rachel,7a,2,A3,,,,ii
SQA AH,2018,,Rachel,7b(i),2,A3,,,,iii
SQA AH,2018,,Rachel,7b(ii),1,A2,,,,i
SQA AH,2018,,Rachel,8,4,A3,,,,iii
SQA AH,2018,,Rachel,9a,2,B2,,,,iii
SQA AH,2018,,Rachel,9b,1,B2,,,,iii
SQA AH,2018,,Rachel,10,3,B1,,,,i
SQA AH,2018,,Rachel,11a,1,A2,,,,ii
SQA AH,2018,,Rachel,11b,1,A3,,,,iii
SQA AH,2018,,Rachel,11c,2,A3,,,,iii
SQA AH,2018,,Rachel,11d,1,C1,,,,iii
SQA AH,2018,,Rachel,12,5,C1,,,,i
SQA AH,2018,,Rachel,13a,1,B1,,,,i
SQA AH,2018,,Rachel,13b,5,B2,,,,i
SQA AH,2018,,Rachel,14a(i),2,A3,,,,ii
SQA AH,2018,,Rachel,14a(ii),2,A3,,,,ii
SQA AH,2018,,Rachel,14b(i),2,A3,,,,ii
SQA AH,2018,,Rachel,14b(ii),1,A3,,,,ii
SQA AH,2018,,Rachel,14c,3,A3,,,,ii
SQA AH,2018,,Rachel,15a,3,A3,,,,iii
SQA AH,2018,,Rachel,15b,7,A3,,,,iii
SQA AH,2018,,Rachel,16a,4,A3,,,,iii
SQA AH,2018,,Rachel,16b,2,A3,,,,iii
SQA AH,2018,,Rachel,16c,3,A3,,,,ii
SQA AH,2018,,Rachel,16d,1,B1,,,,i
SQA AH,2018,,Rachel,17a,2,A3,,,,iii
SQA AH,2018,,Rachel,17b(i),3,A3,,,,iii
SQA AH,2018,,Rachel,17b(ii),2,A3,,,,iii
SQA AH,2018,,Rachel,17c,2,A3,,,,iii
SQA AH,2018,,Rachel,17d,1,B1,,,,iv
SQA AH,2017,,Rachel,1,4,A3,,,,iii
SQA AH,2017,,Rachel,2,4,A3,,,,iii
SQA AH,2017,,Rachel,3,3,A3,,,,iii
SQA AH,2017,,Rachel,4a,2,A3,,,,iii
SQA AH,2017,,Rachel,4b,3,A3,,,,ii
SQA AH,2017,,Rachel,5a(i),4,A3,,,,iii
SQA AH,2017,,Rachel,5a(ii),1,A2,,,,i
SQA AH,2017,,Rachel,5b,1,A3,,,,iii
SQA AH,2017,,Rachel,6,6,A3,,,,iii
SQA AH,2017,,Rachel,7a(i),1,A3,,,,ii
SQA AH,2017,,Rachel,7a(ii),1,A3,,,,ii
SQA AH,2017,,Rachel,7a(iii),2,A3,,,,ii
SQA AH,2017,,Rachel,7b,2,A2,,,,i
SQA AH,2017,,Rachel,8,4,A3,,,,iii
SQA AH,2017,,Rachel,9,5,A3,,,,iii
SQA AH,2017,,Rachel,10a,2,A3,,,,ii
SQA AH,2017,,Rachel,10b,2,A3,,,,iii
SQA AH,2017,,Rachel,11,5,A3,,,,iii
SQA AH,2017,,Rachel,12a,2,B1,,,,i
SQA AH,2017,,Rachel,12b,2,B1,,,,i
SQA AH,2017,,Rachel,12c,1,B1,,,,i
SQA AH,2017,,Rachel,13,4,C1,,,,i
SQA AH,2017,,Rachel,14,10,A3,,,,iii
SQA AH,2017,,Rachel,15a,2,A3,,,,iii
SQA AH,2017,,Rachel,15b,4,A3,,,,iii
SQA AH,2017,,Rachel,15c,3,A3,,,,iii
SQA AH,2017,,Rachel,16,5,A3,,,,iii
SQA AH,2017,,Rachel,17a,1,A2,,,,i
SQA AH,2017,,Rachel,17b,6,A3,,,,iii
SQA AH,2017,,Rachel,17c,1,B1,,,,i
SQA AH,2017,,Rachel,18a,5,A3,,,,ii
SQA AH,2017,,Rachel,18b,2,B1,,,,i
SQA AH,2016,,Rachel,1a,3,A3,,,,iii
SQA AH,2016,,Rachel,1b,3,A3,,,,iii
SQA AH,2016,,Rachel,1c,2,A3,,,,iii
SQA AH,2016,,Rachel,2a,3,A3,,,,ii
SQA AH,2016,,Rachel,2b,1,A2,,,,i
SQA AH,2016,,Rachel,2c,2,A3,,,,ii
SQA AH,2016,,Rachel,3,5,A3,,,,iii
SQA AH,2016,,Rachel,4,4,A3,,,,iii
SQA AH,2016,,Rachel,5,4,C1,,,,i
SQA AH,2016,,Rachel,6,6,A3,,,,iii
SQA AH,2016,,Rachel,7a,1,A3,,,,iii
SQA AH,2016,,Rachel,7b,3,A3,,,,iii
SQA AH,2016,,Rachel,7c,2,A3,,,,iii
SQA AH,2016,,Rachel,8a,1,B1,,,,i
SQA AH,2016,,Rachel,8b,2,A3,,,,iii
SQA AH,2016,,Rachel,8c,3,A3,,,,iii
SQA AH,2016,,Rachel,9,6,A3,,,,iii
SQA AH,2016,,Rachel,10a,1,C2,,,,iv
SQA AH,2016,,Rachel,10b,3,B2,,,,iii
SQA AH,2016,,Rachel,11,4,B1,,,,iv
SQA AH,2016,,Rachel,12a,2,B1,,,,i
SQA AH,2016,,Rachel,12b,2,B1,,,,i
SQA AH,2016,,Rachel,13,9,A3,,,,iii
SQA AH,2016,,Rachel,14a,5,A3,,,,iii
SQA AH,2016,,Rachel,14b,4,A3,,,,ii
SQA AH,2016,,Rachel,15,10,A3,,,,iii
SQA AH,2016,,Rachel,16,9,B2,,,,i
SQA AH,2015,,Rachel,1,4,A3,,,,iii
SQA AH,2015,,Rachel,2a,3,A3,,,,iii
SQA AH,2015,,Rachel,2b,3,A3,,,,iii
SQA AH,2015,,Rachel,3,5,B1,,,,iv
SQA AH,2015,,Rachel,4,4,A3,,,,iii
SQA AH,2015,,Rachel,5,4,A2,,,,i
SQA AH,2015,,Rachel,6,3,A3,,,,iii
SQA AH,2015,,Rachel,7,4,A3,,,,iii
SQA AH,2015,,Rachel,8,3,A3,,,,iii
SQA AH,2015,,Rachel,9,4,C1,,,,i
SQA AH,2015,,Rachel,10,5,A3,,,,iii
SQA AH,2015,,Rachel,11,4,A3,,,,iii
SQA AH,2015,,Rachel,12,3,B2,,,,iii
SQA AH,2015,,Rachel,13a,3,A3,,,,iii
SQA AH,2015,,Rachel,13b,4,A3,,,,iii
SQA AH,2015,,Rachel,14,4,A3,,,,iii
SQA AH,2015,,Rachel,15a,2,A3,,,,iii
SQA AH,2015,,Rachel,15b,4,A3,,,,iii
SQA AH,2015,,Rachel,15c,4,A3,,,,iii
SQA AH,2015,,Rachel,16,10,A3,,,,iii
SQA AH,2015,,Rachel,17,9,A3,,,,iii
SQA AH,2015,,Rachel,18a,2,B2,,,,i
SQA AH,2015,,Rachel,18b,4,A3,,,,iii
SQA AH,2015,,Rachel,18c,2,A3,,,,iii
SQA AH,2015,,Rachel,18d,3,A3,,,,iii
SQA AH,2014,,Rachel,1a,3,A3,,,,iii
SQA AH,2014,,Rachel,1b,3,A3,,,,iii
SQA AH,2014,,Rachel,2,5,A3,,,,iii
SQA AH,2014,,Rachel,3,6,A3,,,,iii
SQA AH,2014,,Rachel,4,3,A3,,,,iii
SQA AH,2014,,Rachel,5(i),3,A3,,,,iii
SQA AH,2014,,Rachel,5(ii),1,B1,,,,i
SQA AH,2014,,Rachel,6,3,B1,,,,iv
SQA AH,2014,,Rachel,7,4,C1,,,,i
SQA AH,2014,,Rachel,8,6,A3,,,,iii
SQA AH,2014,,Rachel,9,6,A3,,,,iii
SQA AH,2014,,Rachel,10,5,A3,,,,iii
SQA AH,2014,,Rachel,11a,4,B1,,,,i
SQA AH,2014,,Rachel,11b,1,B1,,,,
SQA AH,2014,,Rachel,11c,1,B1,,,,i
SQA AH,2014,,Rachel,12,6,A3,,,,iii
SQA AH,2014,,Rachel,13,10,B2,,,,i
SQA AH,2014,,Rachel,14a,4,A3,,,,iii
SQA AH,2014,,Rachel,14b,6,A3,,,,iii
SQA AH,2014,,Rachel,15a,4,A3,,,,iii
SQA AH,2014,,Rachel,15b,4,A3,,,,iii
SQA AH,2014,,Rachel,15c,2,A3,,,,ii
SQA AH,2014,,Rachel,16a,3,A3,,,,iii
SQA AH,2014,,Rachel,16b,2,A3,,,,iii
SQA AH,2014,,Rachel,16c,1,B1,,,,i
SQA AH,2014,,Rachel,16d,2,B1,,,,v
SQA AH,2014,,Rachel,16e,2,A3,,,,iii
SQA AH,2013,,Rachel,1,4,A3,,,,iii
SQA AH,2013,,Rachel,2,3,A3,,,,iii
SQA AH,2013,,Rachel,3a,1,A3,,,,iii
SQA AH,2013,,Rachel,3b,2,A3,,,,ii
SQA AH,2013,,Rachel,3c,2,A3,,,,ii
SQA AH,2013,,Rachel,4a,2,A3,,,,iii
SQA AH,2013,,Rachel,4b,3,A3,,,,iii
SQA AH,2013,,Rachel,5,4,A3,,,,iii
SQA AH,2013,,Rachel,6,4,A3,,,,iii
SQA AH,2013,,Rachel,7,4,A3,,,,iii
SQA AH,2013,,Rachel,8,5,A3,,,,iii
SQA AH,2013,,Rachel,9,6,C1,,,,i
SQA AH,2013,,Rachel,10a,2,B1,,,,i
SQA AH,2013,,Rachel,10b,3,B1,,,,i
SQA AH,2013,,Rachel,11,6,A3,,,,iii
SQA AH,2013,,Rachel,12a,2,B2,,,,iii
SQA AH,2013,,Rachel,12b,2,C2,,,,iv
SQA AH,2013,,Rachel,13a,2,B1,,,,i
SQA AH,2013,,Rachel,13b,1,A2,,,,i
SQA AH,2013,,Rachel,13c,2,B1,,,,i
SQA AH,2013,,Rachel,14,11,A3,,,,iii
SQA AH,2013,,Rachel,15a,4,A3,,,,iii
SQA AH,2013,,Rachel,15b,2,A3,,,,iii
SQA AH,2013,,Rachel,15c,3,A3,,,,ii
SQA AH,2013,,Rachel,16,10,A3,,,,i
SQA AH,2013,,Rachel,17i,7,B1,,,,iv
SQA AH,2013,,Rachel,17ii,3,A3,,,,
TMUA,2017,P1,Group,1,1,A3,3,0,0,Note we are taking Gilby's creativity score for the lowest % creative solution
TMUA,2017,P1,Group,2,1,A3,2.5,0,0,
TMUA,2017,P1,Group,3,1,B1,4,0.5,0.111111111,
TMUA,2017,P1,Group,4,1,A3,2.5,0.5,0.166666667,
TMUA,2017,P1,Group,5,1,B1,3,2.5,0.454545455,
TMUA,2017,P1,Group,6,1,B2,2,0.5,0.2,
TMUA,2017,P1,Group,7,1,B1,3,1,0.25,
TMUA,2017,P1,Group,8,1,B1,2,1,0.333333333,
TMUA,2017,P1,Group,9,1,B1,2.5,1,0.285714286,
TMUA,2017,P1,Group,10,1,A3,2,1.5,0.428571429,
TMUA,2017,P1,Group,11,1,A3,2,0,0,
TMUA,2017,P1,Group,12,1,C2,0.5,2.5,0.833333333,
TMUA,2017,P1,Group,13,1,A3,1.5,0.5,0.25,
TMUA,2017,P1,Group,14,1,B1,2,0.5,0.2,
TMUA,2017,P1,Group,15,1,B1,1.5,1,0.4,
TMUA,2017,P1,Group,16,1,B1,3,0.5,0.142857143,
TMUA,2017,P1,Group,17,1,B2,2.5,1.5,0.375,
TMUA,2017,P1,Group,18,1,B1,1,1,0.5,
TMUA,2017,P1,Group,19,1,B1,1.5,1.5,0.5,
TMUA,2017,P1,Group,20,1,B1,3,3,0.5,
TMUA,2017,P2,Group,1,1,A3,1.5,0,0,
TMUA,2017,P2,Group,2,1,B1,2,0.5,0.2,
TMUA,2017,P2,Group,3,1,A3,2,0,0,
TMUA,2017,P2,Group,4,1,C1,1,0.5,0.333333333,
TMUA,2017,P2,Group,5,1,C1,0.5,1.5,0.75,
TMUA,2017,P2,Group,6,1,A3,1.5,0.5,0.25,
TMUA,2017,P2,Group,7,1,B1,0.5,1,0.666666667,
TMUA,2017,P2,Group,8,1,A3,3,1,0.25,
TMUA,2017,P2,Group,9,1,C1,1,1.5,0.6,
TMUA,2017,P2,Group,10,1,C1,0.5,2.5,0.833333333,
TMUA,2017,P2,Group,11,1,B1,1,1,0.5,
TMUA,2017,P2,Group,12,1,B1,1.5,1,0.4,
TMUA,2017,P2,Group,13,1,C2,0.5,1.5,0.75,
TMUA,2017,P2,Group,14,1,B1,1,1.5,0.6,
TMUA,2017,P2,Group,15,1,A3,2,0,0,
TMUA,2017,P2,Group,16,1,A2,1,1,0.5,
TMUA,2017,P2,Group,17,1,C2,1.5,0.5,0.25,
TMUA,2017,P2,Group,18,1,C1,1,1,0.5,
TMUA,2017,P2,Group,19,1,C1,1.5,2,0.571428571,
TMUA,2017,P2,Group,20,1,C2,0,2,1,
DiagTest,2018,NA,Group,1,5,A3,3,0,0,
DiagTest,2018,NA,Group,2,5,B1,1.5,0.5,0.25,
DiagTest,2018,NA,Group,3a,2,A3,1,0,0,
DiagTest,2018,NA,Group,3b,1,A2,0.5,0,0,
DiagTest,2018,NA,Group,3c,2,A2,0.5,0,0,
DiagTest,2018,NA,Group,4,5,A3,1.5,0,0,
DiagTest,2018,NA,Group,5,5,A3,1.5,0,0,
DiagTest,2018,NA,Group,6,5,B1,1,0,0,
DiagTest,2018,NA,Group,7,5,B1,2,1,0.333333333,
DiagTest,2018,NA,Group,8,5,A3,1.5,0,0,
DiagTest,2018,NA,Group,9,5,B1,3,1,0.25,
DiagTest,2018,NA,Group,10,5,C2,3,0.5,0.142857143,
DiagTest,2018,NA,Group,11a,2,A3,0.5,0.5,0.5,
DiagTest,2018,NA,Group,11b,3,C2,0,1,1,
DiagTest,2018,NA,Group,12,5,A3,1,0,0,
DiagTest,2018,NA,Group,13,5,A3,2,0,0,
DiagTest,2018,NA,Group,14a,2,B1,1.5,0,0,
DiagTest,2018,NA,Group,14b,3,B1,1,0,0,
DiagTest,2018,NA,Group,15,5,A3,2,0,0,
DiagTest,2018,NA,Group,16,5,A3,1,0,0,
DiagTest,2018,NA,Group,17,5,A3,1,0,0,
DiagTest,2018,NA,Group,18,5,A3,1.5,0,0,
DiagTest,2018,NA,Group,19,5,B1,1.5,0.5,0.25,
DiagTest,2018,NA,Group,20,5,B2,3,0.5,0.142857143,
A-Level,2014,FP3,Ying,1(a),2,A3,,,,RUOP
A-Level,2014,FP3,Ying,1(b),4,A3,,,,RUOP
A-Level,2014,FP3,Ying,1(c),2,A3,,,,RUOP
A-Level,2014,FP3,Ying,2(a),2,A2,,,,Decide if a simple definition is satisfied
A-Level,2014,FP3,Ying,2(b),5,A3,,,,RUOP
A-Level,2014,FP3,Ying,2(c),2,A3,,,,RUOP
A-Level,2014,FP3,Ying,2(d),4,A3,,,,Transformation of information 
A-Level,2014,FP3,Ying,3(a),4,A3,,,,RUOP
A-Level,2014,FP3,Ying,3(b),4,A3,,,,RUOP
A-Level,2014,FP3,Ying,4(a),3,B1,,,,Recognising the applicability of a generic forumula for an unusual situation 
A-Level,2014,FP3,Ying,4(b),4,A3,,,,RUOP
A-Level,2014,FP3,Ying,5,4,B2,,,,Choosing and applying appropriate algorithms 
A-Level,2014,FP3,Ying,6(A),4,A3,,,,Simple Calculation 
A-Level,2014,FP3,Ying,6(b),1,A2,,,,Ability to substitute into a formula 
A-Level,2014,FP3,Ying,6(c),5,B2,,,,Choosing and applying appropriate algorithms 
A-Level,2014,FP3,Ying,7(a),3,B2,,,,Choosing and applying appropriate algorithms 
A-Level,2014,FP3,Ying,7(b),5,A3,,,,Ability to substitute into a formula 
A-Level,2014,FP3,Ying,7(c),1,C1,,,, Recognizing what properties of the question allow assumptions that justify the final resultto hold
A-Level,2014,FP3,Ying,8(a),4,B2,,,,Choosing and applying appropriate algorithms 
A-Level,2014,FP3,Ying,8(b),3,A3,,,,RUOP
A-Level,2014,FP3,Ying,8(c),1,C1,,,, Recognizing what properties of the question allow assumptions that justify the final resultto hold
A-Level,2014,FP3,Ying,9(a),5,B2,,,,Choosing and applying appropriate algorithms 
A-Level,2014,FP3,Ying,9(b),3,A3,,,,RUOP
A-Level,2015,FP3,Ying,1,6,B2,,,,Choosing and applying appropriate algorithms 
A-Level,2015,FP3,Ying,2,5,A3,,,,RUOP
A-Level,2015,FP3,Ying,3(a),5,A3,,,,RUOP
A-Level,2015,FP3,Ying,3(b),5,A3,,,,RUOP
A-Level,2015,FP3,Ying,3(c),2,A3,,,,RUOP
A-Level,2015,FP3,Ying,4(a),3,B2,,,,Extrapolation of know procedures to new situations
A-Level,2015,FP3,Ying,4(b),4,B2,,,,Choosing and applying appropriate algorithms 
A-Level,2015,FP3,Ying,5(a),2,A3,,,,RUOP
A-Level,2015,FP3,Ying,5(b),2,A3,,,,RUOP
A-Level,2015,FP3,Ying,5(c),4,A3,,,,RUOp
A-Level,2015,FP3,Ying,5(d),2,A2,,,,Ability to substitute into a formula 
A-Level,2015,FP3,Ying,6(a),1,A3,,,,RUOP
A-Level,2015,FP3,Ying,6(b),3,A3,,,,RUOp
A-Level,2015,FP3,Ying,6(c),3,B2,,,, Extrapolation of known procedures to new situations
A-Level,2015,FP3,Ying,6(d),3,C1,,,,Recognizing what properties of the question allow assumptions that justify the final resultto hold
A-Level,2015,FP3,Ying,7(a),4,B2,,,,proving an unseen theorem that goes beyond the use of procedure
A-Level,2015,FP3,Ying,7(b),4,B2,,,,Choosing and applying appropriate algorithms 
A-Level,2015,FP3,Ying,7(c),3,B1,,,,Framing a mathematical argument from an outline of the method. 
A-Level,2015,FP3,Ying,8(a)(i),4,A3,,,,RUOP
A-Level,2015,FP3,Ying,8(b),4,B2,,,,Choosing and applying appropriate algorithms 
A-Level,2015,FP3,Ying,8(c),6,B2,,,,Choosing and applying appropriate algorithms 
A-Level,2016,FP3,Ying,1,4,B1,,,,Decide if a conceptualdefinition is satisfied
A-Level,2016,FP3,Ying,2,7,A3,,,,RUOp
A-Level,2016,FP3,Ying,3(a),3,B2,,,,proving an unseen theorem that goes beyond the use of procedure
A-Level,2016,FP3,Ying,3(b),5,B2,,,,Choosing and applying appropriate algorithms 
A-Level,2016,FP3,Ying,4(i),5,B2,,,,Extrapolation of know procedures to new situations
A-Level,2016,FP3,Ying,4(ii)(a),3,A3,,,,RUOP
A-Level,2016,FP3,Ying,4(ii)(b),4,B1,,,,Framing a mathematical argument from an outline of the method. 
A-Level,2016,FP3,Ying,5(a),5,B2,,,,Choosing and applying appropriate algorithms 
A-Level,2016,FP3,Ying,5(b),6,A3,,,,RUOP
A-Level,2016,FP3,Ying,6(a),3,A3,,,,RUOP
A-Level,2016,FP3,Ying,6(b),3,A3,,,,RUOP
A-Level,2016,FP3,Ying,6(c),2,A3,,,,RUOP
A-Level,2016,FP3,Ying,6(d),3,A3,,,,RUOP
A-Level,2016,FP3,Ying,7(a),3,B2,,,,Choosing and applying appropriate algorithms 
A-Level,2016,FP3,Ying,7(b),7,B2,,,,proving an unseen theorem that goes beyond the use of procedure
A-Level,2016,FP3,Ying,8(a),4,A3,,,,RUOP
A-Level,2016,FP3,Ying,8(b),2,A3,,,,RUOP
A-Level,2016,FP3,Ying,8(c),6,A3,,,,RUOP
A-Level,2017,FP3,Ying,1,5,B2,,,,Choosing and applying appropriate algorithms 
A-Level,2017,FP3,Ying,2(a),5,A3,,,,RUOP
A-Level,2017,FP3,Ying,2(b),4,B2,,,,proving an unseen theorem that goes beyond the use of procedure
A-Level,2017,FP3,Ying,3(a),3,A3,,,,RUOP
A-Level,2017,FP3,Ying,3(b),6,A3,,,,RUOP
A-Level,2017,FP3,Ying,4,9,B2,,,,Choosing and applying appropriate algorithms 
A-Level,2017,FP3,Ying,5(a),3,A3,,,,RUOP
A-Level,2017,FP3,Ying,5(b),4,A3,,,,RUOP
A-Level,2017,FP3,Ying,5(c),4,A3,,,,RUOP
A-Level,2017,FP3,Ying,6(a),2,A3,,,,RUOP
A-Level,2017,FP3,Ying,6(b),4,A3,,,,RUOP
A-Level,2017,FP3,Ying,6(c),6,B2,,,,Choosing and applying appropriate algorithms 
A-Level,2017,FP3,Ying,7(a),6,B2,,,,Choosing and applying appropriate algorithms 
A-Level,2017,FP3,Ying,7(b),4,C1,,,,Recognizing what properties of the question allow assumptions that justify the final resultto hold
A-Level,2017,FP3,Ying,8(a),4,A3,,,,RUOP
A-Level,2017,FP3,Ying,8(b),6,A3,,,,RUOP
ILA,2018,August,Ying,A1,6,A3,,,,
ILA,2018,August,Ying,A2,6,A3,,,,
ILA,2018,August,Ying,A3,6,B1,,,,
ILA,2018,August,Ying,A4,6,B1,,,,
ILA,2018,August,Ying,A5,8,A3,,,,
ILA,2018,August,Ying,A6,8,B2,,,,
ILA,2018,August,Ying,B1(a),3,A3,,,,
ILA,2018,August,Ying,B1(b),3,A3,,,,
ILA,2018,August,Ying,B1(c),4,A3,,,,
ILA,2018,August,Ying,B1(d),4,A3,,,,
ILA,2018,August,Ying,B1(e),6,B1,,,,
ILA,2018,August,Ying,B2(A),8,A3,,,,
ILA,2018,August,Ying,B2(B),2,A2,,,,
ILA,2018,August,Ying,B2(c),4,A3,,,,
ILA,2018,August,Ying,B2(D),6,B2,,,,
ILA,2018,August,Ying,B3(a),6,A3,,,,
ILA,2018,August,Ying,b3(b),1,A2,,,,
ILA,2018,August,Ying,B3(c),4,A3,,,,
ILA,2018,August,Ying,B3(d),4,A3,,,,
ILA,2018,August,Ying,B3(e),5,A3,,,,
ILA,2018,August,Ying,B4(A)(i),5,A3,,,,
ILA,2018,August,Ying,B4(A)(ii),2,B1,,,,
ILA,2018,August,Ying,B4(b),5,A3,,,,
ILA,2018,August,Ying,B4(c),8,C1,,,,
ILA,2017,December,Ying,A1,6,A3,,,,
ILA,2017,December,Ying,A2,6,B2,,,,
ILA,2017,December,Ying,A3,8,B2,,,,
ILA,2017,December,Ying,A4,8,A3,,,,
ILA,2017,December,Ying,A5(A),2,C1,,,,
ILA,2017,December,Ying,A5(B),4,A3,,,,
ILA,2017,December,Ying,A6,6,A3,,,,
ILA,2017,December,Ying,B1(a),5,A3,,,,
ILA,2017,December,Ying,B1(b),5,A3,,,,
ILA,2017,December,Ying,B1(c,5,A3,,,,
ILA,2017,December,Ying,B1(d),5,A3,,,,
ILA,2017,December,Ying,B2(A),1,A3,,,,
ILA,2017,December,Ying,B2(b),4,B1,,,,
ILA,2017,December,Ying,B2(c),6,A3,,,,
ILA,2017,December,Ying,B2(D),4,A3,,,,
ILA,2017,December,Ying,B2(e),5,A3,,,,
ILA,2017,December,Ying,B3(a),8,A3,,,,
ILA,2017,December,Ying,B3(b),1,A3,,,,
ILA,2017,December,Ying,B3(c),3,B1,,,,
ILA,2017,December,Ying,B3(d),2,A3,,,,
ILA,2017,December,Ying,B3(e),6,A3,,,,
ILA,2017,December,Ying,B4(A)(i),4,B2,,,,
ILA,2017,December,Ying,B4(A)(ii),2,C1,,,,
ILA,2017,December,Ying,B4(B)(i),4,B2,,,,
ILA,2017,December,Ying,B4(B)(ii),2,B2,,,,
ILA,2017,December,Ying,b4(B)(iii),4,C2,,,,
ILA,2017,December,Ying,B4(B)(iv),4,C1,,,,
TMUA,2016,Paper 1,ying,1,1,A3,,,,
TMUA,2016,Paper 1,ying,2,1,A3,,,,
TMUA,2016,Paper 1,ying,3,1,B2,,,,
TMUA,2016,Paper 1,ying,4,1,A3,,,,
TMUA,2016,Paper 1,ying,5,1,A3,,,,
TMUA,2016,Paper 1,ying,6,1,B2,,,,
TMUA,2016,Paper 1,ying,7,1,B2,,,,
TMUA,2016,Paper 1,ying,8,1,B2,,,,
TMUA,2016,Paper 1,ying,9,1,B1,,,,
TMUA,2016,Paper 1,ying,10,1,B2,,,,
TMUA,2016,Paper 1,ying,11,1,B1,,,,
TMUA,2016,Paper 1,ying,12,1,B2,,,,
TMUA,2016,Paper 1,ying,13,1,B2,,,,
TMUA,2016,Paper 1,ying,14,1,B2,,,,
TMUA,2016,Paper 1,ying,15,1,B2,,,,
TMUA,2016,Paper 1,ying,16,1,B1,,,,
TMUA,2016,Paper 1,ying,17,1,B1,,,,
TMUA,2016,Paper 1,ying,18,1,B2,,,,
TMUA,2016,Paper 1,ying,19,1,B2,,,,
TMUA,2016,Paper 1,ying,20,1,B2,,,,
TMUA ,2016,Paper 2,ying ,1,1,A3,,,,
TMUA ,2016,Paper 2,ying ,2,1,A3,,,,
TMUA ,2016,Paper 2,ying ,3,1,B2,,,,
TMUA ,2016,Paper 2,ying ,4,1,C1,,,,
TMUA ,2016,Paper 2,ying ,5,1,A3,,,,
TMUA ,2016,Paper 2,ying ,6,1,A3,,,,
TMUA ,2016,Paper 2,ying ,7,1,C1,,,,
TMUA ,2016,Paper 2,ying ,8,1,C1,,,,
TMUA ,2016,Paper 2,ying ,9,1,C1,,,,
TMUA ,2016,Paper 2,ying ,10,1,C2,,,,
TMUA ,2016,Paper 2,ying ,11,1,C1,,,,
TMUA ,2016,Paper 2,ying ,12,1,C2,,,,
TMUA ,2016,Paper 2,ying ,13,1,C1,,,,
TMUA ,2016,Paper 2,ying ,14,1,C1,,,,
TMUA ,2016,Paper 2,ying ,15,1,C1,,,,
TMUA ,2016,Paper 2,ying ,16,1,B2,,,,
TMUA ,2016,Paper 2,ying ,17,1,C1,,,,
TMUA ,2016,Paper 2,ying ,18,1,C1,,,,
TMUA ,2016,Paper 2,ying ,19,1,C1,,,,
TMUA ,2016,Paper 2,ying ,20,1,C1,,,,
TMUA,2018,Paper 1 ,Ying,1,1,A3,,,,
TMUA,2018,Paper 1 ,Ying,2,1,B1,,,,
TMUA,2018,Paper 1,Ying,3,1,B2,,,,
TMUA,2018,Paper 1,Ying,4,1,B2,,,,
TMUA,2018,Paper 1,Ying,5,1,B2,,,,
TMUA,2018,Paper 1,Ying,6,1,B2,,,,
TMUA,2018,Paper 1,Ying,7,1,B2,,,,
TMUA,2018,Paper 1,Ying,8,1,B2,,,,
TMUA,2018,Paper 1,Ying,9,1,C1,,,,
TMUA,2018,Paper 1,Ying,10,1,B2,,,,
TMUA,2018,Paper 1,Ying,11,1,B2,,,,
TMUA,2018,Paper 1,Ying,12,1,B2,,,,
TMUA,2018,Paper 1,Ying,13,1,B2,,,,
TMUA,2018,Paper 1,Ying,14,1,B2,,,,
TMUA,2018,Paper 1,Ying,15,1,B2,,,,
TMUA,2018,Paper 1,Ying,16,1,B1,,,,
TMUA,2018,Paper 1,Ying,17,1,B1,,,,
TMUA,2018,Paper 1,Ying,18,1,B1,,,,
TMUA,2018,Paper 1,Ying,19,1,B1,,,,
TMUA,2018,Paper 1,Ying,20,1,B2,,,,
TMUA,2018,Paper 2,Ying,1,1,A3,,,,
TMUA,2018,Paper 2,Ying,2,1,B1,,,,
TMUA,2018,Paper 2,Ying,3,1,C1,,,,
TMUA,2018,Paper 2,Ying,4,1,B2,,,,
TMUA,2018,Paper 2,Ying,5,1,C2,,,,
TMUA,2018,Paper 2,Ying,6,1,C1,,,,
TMUA,2018,Paper 2,Ying,7,1,B2,,,,
TMUA,2018,Paper 2,Ying,8,1,C1,,,,
TMUA,2018,Paper 2,Ying,9,1,C1,,,,
TMUA,2018,Paper 2,Ying,10,1,C1,,,,
TMUA,2018,Paper 2,Ying,11,1,C2,,,,
TMUA,2018,Paper 2,Ying,12,1,B1,,,,
TMUA,2018,Paper 2,Ying,13,1,C1,,,,
TMUA,2018,Paper 2,Ying,14,1,B2,,,,
TMUA,2018,Paper 2,Ying,15,1,C2,,,,
TMUA,2018,Paper 2,Ying,16,1,C2,,,,
TMUA,2018,Paper 2,Ying,17,1,C1,,,,
TMUA,2018,Paper 2,Ying,18,1,C1,,,,
TMUA,2018,Paper 2,Ying,19,1,C2,,,,
TMUA,2018,Paper 2,Ying,20,1,C1,,,,
SQA AH,2012,,Rachel,1a,3,A3,,,,
SQA AH,2012,,Rachel,1b,4,A3,,,,
SQA AH,2012,,Rachel,2,5,A3,,,,
SQA AH,2012,,Rachel,3a,4,A3,,,,
SQA AH,2012,,Rachel,3b,2,B1,,,,
SQA AH,2012,,Rachel,4,5,A3,,,,
SQA AH,2012,,Rachel,5,5,A3,,,,
SQA AH,2012,,Rachel,6,5,A3,,,,
SQA AH,2012,,Rachel,7a,2,B1,,,,
SQA AH,2012,,Rachel,7b,2,B1,,,,
SQA AH,2012,,Rachel,8,6,A3,,,,
SQA AH,2012,,Rachel,9,4,B2,,,,
SQA AH,2012,,Rachel,10,3,A3,,,,
SQA AH,2012,,Rachel,11a,1,A1,,,,
SQA AH,2012,,Rachel,11b,4,A3,,,,
SQA AH,2012,,Rachel,12,5,B2,,,,
SQA AH,2012,,Rachel,13,10,A3,,,,
SQA AH,2012,,Rachel,14a,5,A3,,,,
SQA AH,2012,,Rachel,14b,1,A2,,,,
SQA AH,2012,,Rachel,14ci,2,A3,,,,
SQA AH,2012,,Rachel,14cii,1,C1,,,,
SQA AH,2012,,Rachel,15a,4,A3,,,,
SQA AH,2012,,Rachel,15b,7,A3,,,,
SQA AH,2012,,Rachel,16a,6,C1,,,,
SQA AH,2012,,Rachel,16b,4,B1,,,,
SQA AH,2019,,Rachel,1a,2,A3,,,,
SQA AH,2019,,Rachel,1b,3,A3,,,,
SQA AH,2019,,Rachel,1c,3,A3,,,,
SQA AH,2019,,Rachel,2a,3,A3,,,,
SQA AH,2019,,Rachel,2b,2,A3,,,,
SQA AH,2019,,Rachel,2c,1,A2,,,,
SQA AH,2019,,Rachel,3a,1,B1,,,,
SQA AH,2019,,Rachel,3b,1,B1,,,,
SQA AH,2019,,Rachel,4a,1,A3,,,,
SQA AH,2019,,Rachel,4b,3,A3,,,,
SQA AH,2019,,Rachel,5a,2,A3,,,,
SQA AH,2019,,Rachel,5b,2,A3,,,,
SQA AH,2019,,Rachel,6,3,A3,,,,
SQA AH,2019,,Rachel,7a,1,A3,,,,
SQA AH,2019,,Rachel,7b,2,A3,,,,
SQA AH,2019,,Rachel,8,5,A3,,,,
SQA AH,2019,,Rachel,9a,3,A3,,,,
SQA AH,2019,,Rachel,9b,2,A3,,,,
SQA AH,2019,,Rachel,10a,3,A3,,,,
SQA AH,2019,,Rachel,10b,2,A3,,,,
SQA AH,2019,,Rachel,11a,1,C2,,,,
SQA AH,2019,,Rachel,11b(i),1,A3,,,,
SQA AH,2019,,Rachel,11b(ii),3,C1,,,,
SQA AH,2019,,Rachel,12,3,A3,,,,
SQA AH,2019,,Rachel,13,5,A3,,,,
SQA AH,2019,,Rachel,14,5,C1,,,,
SQA AH,2019,,Rachel,15a,2,A3,,,,
SQA AH,2019,,Rachel,15b,3,A3,,,,
SQA AH,2019,,Rachel,15c,4,A3,,,,
SQA AH,2019,,Rachel,16a,5,A3,,,,
SQA AH,2019,,Rachel,16b,3,A3,,,,
SQA AH,2019,,Rachel,17a,2,A3,,,,
SQA AH,2019,,Rachel,17b(i),1,A2,,,,
SQA AH,2019,,Rachel,17b(ii),2,A3,,,,
SQA AH,2019,,Rachel,17c(i),2,B2,,,,
SQA AH,2019,,Rachel,17c(ii),2,A3,,,,
SQA AH,2019,,Rachel,17c(iii),1,A2,,,,
SQA AH,2019,,Rachel,18a(i),1,B1,,,,
SQA AH,2019,,Rachel,18a(ii),3,A3,,,,
SQA AH,2019,,Rachel,18b(i),4,A3,,,,
SQA AH,2019,,Rachel,18b(ii),2,A3,,,,
